"Table 7.2.5S. Auto and Truck Unit Sales, Production, Inventories, Expenditures, and Price"
"Table 7.2.5S. Auto and Truck Unit Sales, Production, Inventories, Expenditures, and Price"
"Last Revised on: February 28, 2025 - Next Release Date March 28, 2025"
Line,,2007,2007,2007,2007,2007,2007,2007,2007,2007,2007,2007,2007,2008,2008,2008,2008,2008,2008,2008,2008,2008,2008,2008,2008,2009,2009,2009,2009,2009,2009,2009,2009,2009,2009,2009,2009,2010,2010,2010,2010,2010,2010,2010,2010,2010,2010,2010,2010,2011,2011,2011,2011,2011,2011,2011,2011,2011,2011,2011,2011,2012,2012,2012,2012,2012,2012,2012,2012,2012,2012,2012,2012,2013,2013,2013,2013,2013,2013,2013,2013,2013,2013,2013,2013,2014,2014,2014,2014,2014,2014,2014,2014,2014,2014,2014,2014,2015,2015,2015,2015,2015,2015,2015,2015,2015,2015,2015,2015,2016,2016,2016,2016,2016,2016,2016,2016,2016,2016,2016,2016,2017,2017,2017,2017,2017,2017,2017,2017,2017,2017,2017,2017,2018,2018,2018,2018,2018,2018,2018,2018,2018,2018,2018,2018,2019,2019,2019,2019,2019,2019,2019,2019,2019,2019,2019,2019,2020,2020,2020,2020,2020,2020,2020,2020,2020,2020,2020,2020,2021,2021,2021,2021,2021,2021,2021,2021,2021,2021,2021,2021,2022,2022,2022,2022,2022,2022,2022,2022,2022,2022,2022,2022,2023,2023,2023,2023,2023,2023,2023,2023,2023,2023,2023,2023,2024,2024,2024,2024,2024,2024,2024,2024,2024,2024,2024,2024,2025
Line,,JAN,FEB,MAR,APR,MAY,JUN,JUL,AUG,SEP,OCT,NOV,DEC,JAN,FEB,MAR,APR,MAY,JUN,JUL,AUG,SEP,OCT,NOV,DEC,JAN,FEB,MAR,APR,MAY,JUN,JUL,AUG,SEP,OCT,NOV,DEC,JAN,FEB,MAR,APR,MAY,JUN,JUL,AUG,SEP,OCT,NOV,DEC,JAN,FEB,MAR,APR,MAY,JUN,JUL,AUG,SEP,OCT,NOV,DEC,JAN,FEB,MAR,APR,MAY,JUN,JUL,AUG,SEP,OCT,NOV,DEC,JAN,FEB,MAR,APR,MAY,JUN,JUL,AUG,SEP,OCT,NOV,DEC,JAN,FEB,MAR,APR,MAY,JUN,JUL,AUG,SEP,OCT,NOV,DEC,JAN,FEB,MAR,APR,MAY,JUN,JUL,AUG,SEP,OCT,NOV,DEC,JAN,FEB,MAR,APR,MAY,JUN,JUL,AUG,SEP,OCT,NOV,DEC,JAN,FEB,MAR,APR,MAY,JUN,JUL,AUG,SEP,OCT,NOV,DEC,JAN,FEB,MAR,APR,MAY,JUN,JUL,AUG,SEP,OCT,NOV,DEC,JAN,FEB,MAR,APR,MAY,JUN,JUL,AUG,SEP,OCT,NOV,DEC,JAN,FEB,MAR,APR,MAY,JUN,JUL,AUG,SEP,OCT,NOV,DEC,JAN,FEB,MAR,APR,MAY,JUN,JUL,AUG,SEP,OCT,NOV,DEC,JAN,FEB,MAR,APR,MAY,JUN,JUL,AUG,SEP,OCT,NOV,DEC,JAN,FEB,MAR,APR,MAY,JUN,JUL,AUG,SEP,OCT,NOV,DEC,JAN,FEB,MAR,APR,MAY,JUN,JUL,AUG,SEP,OCT,NOV,DEC,JAN
,Unit auto sales:,,,,,,,,,,,,,,,,,,,,,,,,,,,,,,,,,,,,,,,,,,,,,,,,,,,,,,,,,,,,,,,,,,,,,,,,,,,,,,,,,,,,,,,,,,,,,,,,,,,,,,,,,,,,,,,,,,,,,,,,,,,,,,,,,,,,,,,,,,,,,,,,,,,,,,,,,,,,,,,,,,,,,,,,,,,,,,,,,,,,,,,,,,,,,,,,,,,,,,,,,,,,,,,,,,,,,,,,,
,"    Not seasonally adjusted (Thousands):",,,,,,,,,,,,,,,,,,,,,,,,,,,,,,,,,,,,,,,,,,,,,,,,,,,,,,,,,,,,,,,,,,,,,,,,,,,,,,,,,,,,,,,,,,,,,,,,,,,,,,,,,,,,,,,,,,,,,,,,,,,,,,,,,,,,,,,,,,,,,,,,,,,,,,,,,,,,,,,,,,,,,,,,,,,,,,,,,,,,,,,,,,,,,,,,,,,,,,,,,,,,,,,,,,,,,,,,,
1,"        Total",506.4,560.6,718.9,622.9,776.1,716.5,617.5,679.0,611.6,560.1,563.9,628.8,495.8,555.5,679.4,656.8,794.4,659.7,618.8,627.3,478.4,427.1,357.1,418.7,312.7,338.4,442.0,426.5,480.6,452.5,545.4,715.6,394.0,420.9,368.2,504.2,356.2,393.1,533.5,493.6,555.2,493.5,515.0,490.8,463.2,436.4,395.7,509.6,380.3,483.0,648.5,596.0,534.6,513.9,497.4,497.6,475.0,470.1,455.3,541.3,460.5,604.0,747.9,614.7,677.3,641.9,567.4,633.7,585.2,530.9,551.6,629.9,523.2,604.2,739.7,639.1,710.2,687.2,638.1,734.0,549.3,563.8,584.8,612.6,480.0,562.5,741.3,656.7,775.0,685.3,670.9,752.4,565.5,580.9,579.1,658.3,515.4,558.2,717.5,646.4,748.0,661.2,647.9,670.8,599.0,599.7,529.9,634.5,473.1,555.9,666.9,609.5,626.2,605.4,591.5,580.8,556.3,507.2,509.1,601.3,412.9,484.3,590.6,538.5,562.7,521.9,501.9,523.4,535.5,459.2,462.0,496.3,366.4,422.3,537.6,429.1,513.7,483.5,417.2,441.3,430.3,420.4,401.3,447.1,353.6,365.5,483.0,395.6,455.0,440.0,382.9,434.2,339.5,343.8,352.6,374.1,293.2,346.5,264.7,166.4,258.5,251.2,292.6,299.8,304.8,313.6,277.6,332.9,250.0,258.8,362.5,350.3,379.7,314.9,304.7,254.2,222.8,208.8,204.8,238.6,201.8,217.1,264.4,261.1,238.7,247.9,231.2,237.7,232.6,243.5,239.9,242.9,210.2,224.0,285.9,287.4,282.9,279.1,265.4,263.6,274.0,234.9,244.4,264.9,208.0,230.1,279.6,257.0,276.1,247.9,244.0,267.4,227.2,251.6,250.1,245.1,192.7
2,"            Domestic",345.0,389.5,488.3,425.9,536.2,495.5,415.1,471.6,426.9,383.6,387.7,431.8,346.7,387.3,448.1,422.3,519.5,423.2,388.0,414.8,335.6,286.9,233.1,285.4,199.9,217.4,283.0,279.3,315.7,295.9,354.3,469.2,263.1,281.3,248.5,349.8,240.0,272.7,375.2,343.5,389.7,335.3,336.8,319.1,305.6,279.7,256.3,337.6,258.6,338.6,445.3,405.4,362.2,348.9,329.5,340.5,327.5,321.0,304.9,363.5,323.4,430.2,528.1,431.8,491.1,459.9,393.3,452.8,412.0,369.8,382.7,444.8,383.9,446.4,544.5,466.7,519.4,499.7,446.9,516.8,383.1,398.0,406.6,421.2,344.2,409.9,534.3,470.2,564.6,499.8,480.0,556.9,414.5,430.9,428.8,475.8,386.0,419.5,525.0,477.3,563.2,491.4,481.7,496.8,446.6,447.7,387.8,472.1,361.4,427.3,502.1,447.8,468.3,452.3,437.2,433.4,419.6,377.3,374.9,444.2,307.6,368.8,446.6,411.0,433.9,399.6,376.2,394.2,406.6,345.3,341.0,362.1,280.5,329.0,416.1,326.9,394.9,372.4,321.3,338.1,329.6,329.2,306.4,342.6,277.2,284.5,371.9,295.2,339.5,322.1,277.5,322.2,255.0,254.7,261.4,282.9,223.6,267.0,208.1,124.9,181.5,178.3,217.4,226.7,233.9,240.1,211.0,247.4,180.9,184.5,259.1,245.0,264.8,216.7,209.8,172.9,153.5,155.0,156.3,177.2,145.1,158.6,197.7,186.1,164.4,182.3,160.7,162.8,166.0,178.0,172.3,169.3,150.3,162.9,211.7,212.8,204.5,204.0,189.5,186.6,195.7,170.7,175.1,188.6,146.2,163.6,195.2,179.5,194.8,174.7,164.0,176.5,154.7,170.1,161.0,154.3,125.3
3,"            Foreign",161.4,171.1,230.6,197.0,239.9,221.0,202.3,207.4,184.6,176.5,176.2,197.0,149.1,168.2,231.3,234.5,274.9,236.5,230.8,212.6,142.8,140.2,124.0,133.3,112.8,121.0,158.9,147.1,164.9,156.6,191.0,246.4,130.8,139.5,119.7,154.4,116.2,120.4,158.3,150.1,165.4,158.2,178.2,171.8,157.6,156.7,139.4,172.0,121.7,144.4,203.2,190.5,172.4,165.0,167.9,157.1,147.5,149.1,150.3,177.8,137.1,173.8,219.9,182.8,186.2,182.0,174.2,180.9,173.2,161.1,169.0,185.1,139.3,157.9,195.2,172.4,190.9,187.5,191.2,217.2,166.2,165.8,178.2,191.4,135.8,152.6,206.9,186.5,210.4,185.5,190.9,195.6,151.0,150.0,150.4,182.5,129.4,138.7,192.5,169.1,184.9,169.8,166.2,174.0,152.4,151.9,142.1,162.4,111.7,128.6,164.8,161.7,158.0,153.2,154.4,147.4,136.7,130.0,134.1,157.1,105.3,115.4,144.0,127.5,128.7,122.3,125.7,129.2,128.9,113.9,121.1,134.3,85.9,93.3,121.5,102.1,118.8,111.1,96.0,103.2,100.8,91.3,94.9,104.6,76.4,81.1,111.1,100.4,115.5,117.9,105.4,112.0,84.4,89.1,91.3,91.3,69.6,79.5,56.6,41.5,77.0,72.9,75.2,73.1,71.0,73.5,66.7,85.6,69.1,74.3,103.4,105.3,114.9,98.1,94.9,81.4,69.3,53.9,48.5,61.4,56.7,58.5,66.7,74.9,74.2,65.5,70.5,74.9,66.5,65.5,67.6,73.6,60.0,61.1,74.2,74.5,78.4,75.1,75.9,77.0,78.3,64.2,69.3,76.3,61.8,66.5,84.4,77.5,81.3,73.2,80.0,90.9,72.5,81.5,89.1,90.8,67.3
,"    Seasonally adjusted at annual rates (millions):",,,,,,,,,,,,,,,,,,,,,,,,,,,,,,,,,,,,,,,,,,,,,,,,,,,,,,,,,,,,,,,,,,,,,,,,,,,,,,,,,,,,,,,,,,,,,,,,,,,,,,,,,,,,,,,,,,,,,,,,,,,,,,,,,,,,,,,,,,,,,,,,,,,,,,,,,,,,,,,,,,,,,,,,,,,,,,,,,,,,,,,,,,,,,,,,,,,,,,,,,,,,,,,,,,,,,,,,,
4,"        Total",7.722,7.636,7.496,7.441,7.851,7.521,7.210,7.315,7.522,7.524,7.907,7.603,7.420,7.243,7.284,7.326,7.957,7.732,7.023,6.894,6.385,5.694,5.122,5.149,4.572,4.466,4.800,4.644,4.964,5.162,6.244,8.205,5.006,5.406,5.542,5.799,5.416,5.098,5.632,5.484,5.723,5.636,5.738,5.786,5.759,5.765,5.664,5.928,5.800,6.242,6.549,6.512,5.886,5.673,5.776,5.730,5.968,6.381,6.318,6.283,7.074,7.686,7.344,7.325,6.983,6.902,6.916,7.004,7.378,7.265,7.549,7.524,7.824,7.760,7.487,7.478,7.439,7.640,7.663,7.613,7.601,7.454,7.585,7.491,7.200,7.253,7.689,7.575,7.813,8.165,7.929,8.067,7.626,7.662,7.636,7.882,7.390,7.214,7.784,7.516,7.748,7.675,7.695,7.726,7.535,7.570,7.388,7.101,7.185,7.188,6.862,6.839,6.886,6.837,6.909,6.809,6.932,6.633,6.697,6.822,6.248,6.221,6.088,6.157,6.000,5.811,5.948,5.943,6.436,6.320,6.067,5.832,5.351,5.458,5.387,5.265,5.453,5.239,5.227,5.117,5.234,5.490,5.237,5.267,5.157,4.773,5.003,4.758,4.817,4.871,4.658,4.660,4.600,4.332,4.406,4.601,4.261,4.234,2.909,1.926,2.676,2.873,3.463,3.516,3.735,3.746,3.742,3.740,3.721,3.435,3.953,4.106,3.957,3.623,3.476,3.125,2.752,2.567,2.710,2.775,2.976,2.876,2.804,2.920,2.648,2.763,2.694,2.846,2.865,3.022,3.074,2.815,3.090,2.977,3.057,3.273,3.074,3.121,3.162,3.090,3.243,3.030,3.123,3.161,2.982,2.998,2.957,3.043,2.942,2.719,2.953,2.890,3.061,3.096,3.074,3.039,2.775
5,"            Domestic",5.274,5.206,5.072,5.083,5.419,5.214,4.958,5.098,5.176,5.155,5.507,5.205,5.155,4.910,4.749,4.685,5.136,4.920,4.489,4.600,4.445,3.854,3.402,3.544,2.900,2.768,3.034,3.020,3.214,3.351,4.148,5.429,3.319,3.643,3.798,4.069,3.623,3.440,3.948,3.816,3.951,3.800,3.850,3.776,3.803,3.755,3.756,3.980,3.913,4.253,4.450,4.388,3.901,3.805,3.918,3.951,4.133,4.412,4.337,4.294,4.925,5.326,5.170,5.123,4.986,4.907,4.902,5.043,5.219,5.114,5.334,5.397,5.684,5.585,5.476,5.455,5.371,5.514,5.463,5.325,5.405,5.290,5.376,5.253,5.133,5.145,5.491,5.413,5.601,5.949,5.733,5.957,5.650,5.718,5.732,5.796,5.462,5.278,5.650,5.546,5.782,5.697,5.812,5.771,5.610,5.682,5.516,5.336,5.444,5.412,5.104,5.048,5.116,5.081,5.187,5.114,5.213,4.946,4.985,5.096,4.606,4.640,4.573,4.719,4.604,4.467,4.531,4.493,4.872,4.784,4.505,4.322,4.060,4.170,4.109,4.015,4.167,4.043,4.086,3.967,3.986,4.299,4.045,4.096,3.977,3.635,3.815,3.562,3.583,3.563,3.434,3.483,3.477,3.187,3.298,3.512,3.210,3.184,2.266,1.442,1.880,2.042,2.614,2.706,2.855,2.850,2.865,2.802,2.642,2.388,2.789,2.878,2.757,2.498,2.440,2.186,1.880,1.896,2.077,2.078,2.098,2.055,2.064,2.089,1.835,2.027,1.921,2.006,2.039,2.191,2.214,1.981,2.163,2.121,2.238,2.425,2.234,2.285,2.308,2.242,2.314,2.187,2.231,2.282,2.043,2.076,2.044,2.129,2.085,1.915,2.037,1.950,2.104,2.055,1.983,1.928,1.761
6,"            Foreign",2.448,2.430,2.424,2.358,2.432,2.307,2.252,2.217,2.346,2.369,2.399,2.398,2.265,2.333,2.535,2.641,2.822,2.812,2.534,2.295,1.940,1.840,1.720,1.604,1.673,1.699,1.766,1.624,1.750,1.811,2.096,2.775,1.687,1.763,1.745,1.731,1.794,1.657,1.684,1.668,1.773,1.835,1.888,2.010,1.956,2.009,1.908,1.948,1.887,1.988,2.099,2.125,1.985,1.868,1.857,1.779,1.835,1.970,1.982,1.989,2.149,2.360,2.174,2.202,1.997,1.995,2.014,1.962,2.159,2.151,2.215,2.127,2.141,2.175,2.011,2.023,2.069,2.126,2.200,2.288,2.196,2.163,2.209,2.238,2.067,2.108,2.198,2.161,2.212,2.216,2.196,2.110,1.976,1.945,1.904,2.086,1.928,1.935,2.133,1.971,1.967,1.978,1.883,1.955,1.925,1.888,1.872,1.765,1.742,1.776,1.758,1.791,1.770,1.756,1.722,1.695,1.719,1.687,1.712,1.726,1.642,1.582,1.516,1.437,1.395,1.344,1.417,1.451,1.564,1.536,1.562,1.510,1.291,1.288,1.277,1.249,1.286,1.196,1.141,1.150,1.249,1.191,1.192,1.171,1.179,1.138,1.187,1.196,1.234,1.308,1.224,1.178,1.123,1.144,1.108,1.090,1.051,1.050,0.643,0.485,0.796,0.831,0.849,0.810,0.880,0.896,0.877,0.938,1.079,1.048,1.165,1.228,1.200,1.125,1.037,0.939,0.872,0.671,0.632,0.697,0.878,0.821,0.740,0.831,0.814,0.736,0.773,0.839,0.826,0.831,0.860,0.834,0.927,0.856,0.819,0.848,0.840,0.836,0.854,0.849,0.928,0.844,0.891,0.879,0.939,0.922,0.913,0.914,0.857,0.804,0.916,0.940,0.957,1.042,1.092,1.112,1.014
7,"            Domestic sales, FRB estimate",5.271,5.203,5.069,5.080,5.416,5.211,4.955,5.095,5.174,5.152,5.505,5.202,5.117,4.872,4.711,4.647,5.098,4.882,4.451,4.562,4.407,3.816,3.364,3.506,2.894,2.762,3.029,3.014,3.208,3.345,4.142,5.424,3.314,3.638,3.793,4.063,3.620,3.438,3.945,3.814,3.948,3.798,3.847,3.774,3.800,3.753,3.754,3.977,3.912,4.253,4.450,4.387,3.901,3.804,3.918,3.951,4.133,4.411,4.336,4.293,4.921,5.323,5.166,5.119,4.982,4.904,4.898,5.039,5.215,5.110,5.330,5.393,5.674,5.576,5.467,5.446,5.361,5.504,5.454,5.316,5.396,5.281,5.367,5.243,5.114,5.126,5.473,5.395,5.582,5.931,5.715,5.939,5.632,5.699,5.713,5.778,5.434,5.250,5.622,5.517,5.754,5.669,5.784,5.743,5.581,5.654,5.488,5.308,5.442,5.411,5.102,5.046,5.114,5.079,5.185,5.112,5.211,4.945,4.984,5.094,4.615,4.648,4.581,4.728,4.613,4.476,4.539,4.501,4.880,4.793,4.514,4.330,4.054,4.163,4.103,4.009,4.160,4.036,4.079,3.960,3.979,4.293,4.038,4.090,3.969,3.627,3.807,3.554,3.575,3.555,3.426,3.475,3.469,3.179,3.290,3.504,3.223,3.197,2.279,1.455,1.893,2.055,2.627,2.719,2.868,2.863,2.878,2.815,2.635,2.380,2.782,2.871,2.750,2.491,2.432,2.179,1.872,1.889,2.070,2.071,2.101,2.057,2.067,2.092,1.837,2.029,1.923,2.009,2.042,2.193,2.217,1.984,2.163,2.122,2.239,2.426,2.234,2.286,2.309,2.242,2.315,2.187,2.232,2.283,2.043,2.075,2.044,2.129,2.085,1.915,2.037,1.950,2.103,2.055,1.983,1.928,1.758
,"    New unit sales by sector (Thousands, SAAR)",,,,,,,,,,,,,,,,,,,,,,,,,,,,,,,,,,,,,,,,,,,,,,,,,,,,,,,,,,,,,,,,,,,,,,,,,,,,,,,,,,,,,,,,,,,,,,,,,,,,,,,,,,,,,,,,,,,,,,,,,,,,,,,,,,,,,,,,,,,,,,,,,,,,,,,,,,,,,,,,,,,,,,,,,,,,,,,,,,,,,,,,,,,,,,,,,,,,,,,,,,,,,,,,,,,,,,,,,
8,"        Business",3221.5,3252.4,3072.9,3132.3,3236.6,3248.4,3198.9,3272.0,3223.8,3182.0,3536.8,3314.4,2922.9,2967.3,3077.3,2963.4,3100.9,3088.2,3009.1,2917.8,2751.0,2431.4,2205.1,2217.7,1645.2,1548.9,1677.9,2024.4,1975.0,1933.7,2106.1,2232.1,1929.7,2346.9,2438.1,2610.5,2506.4,2444.9,2533.3,2481.2,2793.0,2661.0,2704.4,2625.8,2643.0,2565.4,2506.8,2613.5,2435.3,2732.6,2786.7,2880.7,2520.5,2474.6,2642.1,2603.5,2670.4,2813.3,2822.4,2780.3,3144.0,3448.6,3308.7,3299.3,3104.9,3091.7,3061.7,3123.2,3317.9,3326.6,3477.7,3566.5,3611.8,3602.3,3558.9,3465.5,3505.8,3654.1,3659.6,3581.6,3550.0,3451.3,3551.0,3433.4,3375.1,3459.4,3649.9,3638.4,3730.3,3980.9,3846.2,3890.8,3630.9,3746.6,3649.9,3923.2,3726.4,3619.7,3924.7,3866.2,4059.2,3940.7,4110.8,3958.2,3954.2,4036.8,3856.9,3683.0,3941.2,3897.5,3660.2,3679.2,3660.3,3583.3,3642.3,3681.5,3668.1,3371.9,3458.9,3465.8,3167.2,3178.2,3104.3,3120.9,3052.0,2935.4,2958.4,3010.3,3442.3,3243.4,3048.0,2987.5,2695.4,2700.6,2690.1,2586.8,2603.7,2549.4,2519.5,2324.3,2636.3,2886.8,2595.9,2674.2,2674.8,2402.1,2553.8,2352.9,2441.6,2492.0,2456.5,2416.3,2336.5,2269.4,2282.8,2343.9,2287.9,2186.7,1415.9,739.9,1043.2,1225.7,1551.1,1597.3,1755.7,1808.8,1808.1,1825.2,1810.3,1670.2,1853.3,1844.7,1784.9,1611.4,1570.1,1410.5,1149.9,1042.5,1049.3,1065.1,1078.4,1026.4,1029.0,1106.2,958.7,1052.8,1031.3,993.5,968.5,1131.3,1172.4,1063.6,1272.5,1077.1,1215.1,1327.5,1205.0,1250.1,1264.9,1323.7,1363.1,1272.6,1359.2,1376.7,1293.1,1321.0,1310.9,1333.6,1349.2,1289.6,1423.8,1361.5,1512.5,1506.3,1428.5,1443.6,1273.8
9,"        Government",---,---,---,---,---,---,---,---,---,---,---,---,---,---,---,---,---,---,---,---,---,---,---,---,---,---,---,---,---,---,---,---,---,---,---,---,---,---,---,---,---,---,---,---,---,---,---,---,---,---,---,---,---,---,---,---,---,---,---,---,---,---,---,---,---,---,---,---,---,---,---,---,---,---,---,---,---,---,---,---,---,---,---,---,---,---,---,---,---,---,---,---,---,---,---,---,---,---,---,---,---,---,---,---,---,---,---,---,---,---,---,---,---,---,---,---,---,---,---,---,---,---,---,---,---,---,---,---,---,---,---,---,---,---,---,---,---,---,---,---,---,---,---,---,---,---,---,---,---,---,---,---,---,---,---,---,---,---,---,---,---,---,---,---,---,---,---,---,---,---,---,---,---,---,---,---,---,---,---,---,---,---,---,---,---,---,---,---,---,---,---,---,---,---,---,---,---,---,---,---,---,---,---,---,---,---,---,---,---,---,---,---,---,---,---,---,---
10,"        Consumer",4250.2,4225.1,4125.7,4001.0,4336.4,4049.5,3792.7,3837.7,4092.6,4085.7,4114.8,4038.0,4249.5,3988.9,3948.0,4112.8,4627.0,4449.3,3772.4,3766.6,3425.1,3065.7,2712.2,2714.8,2797.4,2677.4,2829.7,2483.0,2843.3,3055.5,3960.2,5801.6,2864.7,2858.6,2937.6,3053.0,2733.7,2529.1,2968.3,2835.0,2696.9,2793.1,2910.0,3010.2,2983.2,3069.4,2988.1,3150.4,3217.6,3349.2,3588.2,3450.2,3179.9,3028.6,2976.8,2959.9,3165.6,3438.2,3384.6,3394.9,3821.1,4140.4,3941.2,3933.2,3761.1,3683.7,3708.4,3729.7,3927.3,3812.7,3949.8,3824.6,4088.4,4021.4,3820.5,3875.2,3817.3,3889.0,3879.3,3920.4,3925.0,3857.4,3909.0,3940.7,3685.0,3658.5,3903.2,3786.9,3911.1,4018.2,3926.2,4021.9,3829.8,3764.3,3842.6,3826.6,3542.2,3481.4,3740.5,3537.8,3579.7,3612.7,3460.2,3641.9,3442.5,3389.7,3390.0,3272.8,3123.2,3163.5,3049.4,3037.3,3098.5,3134.3,3165.3,3036.3,3169.6,3163.5,3133.4,3230.2,2981.1,2930.0,2873.4,2921.1,2841.7,2759.2,2875.7,2817.6,2868.3,2960.5,2905.4,2744.0,2581.7,2681.2,2621.2,2597.2,2741.6,2615.7,2625.7,2705.7,2539.2,2531.1,2564.5,2508.7,2389.8,2269.1,2356.9,2315.8,2293.7,2302.7,2128.3,2175.1,2198.8,1998.3,2063.7,2181.4,1913.3,1999.6,1444.5,1142.1,1586.8,1613.3,1861.1,1855.8,1924.2,1891.2,1884.8,1874.1,1875.1,1730.1,2064.2,2221.6,2142.1,1978.6,1879.4,1686.5,1569.6,1497.3,1630.4,1674.7,1863.0,1815.2,1743.2,1782.9,1658.8,1680.5,1633.9,1804.4,1856.0,1841.3,1846.3,1707.6,1779.0,1850.6,1795.0,1896.6,1814.2,1821.5,1838.2,1712.0,1829.1,1693.5,1720.0,1737.0,1631.3,1632.8,1613.5,1682.0,1577.1,1411.9,1497.6,1548.1,1488.6,1557.5,1611.5,1571.7,1468.4
11,"    Final sales to consumers, percent of total dollar value",53.62,53.54,53.84,52.80,53.97,52.55,51.46,51.33,52.98,53.06,51.00,51.92,55.76,53.85,52.78,54.45,56.15,55.43,52.20,53.05,52.37,52.54,51.82,51.83,58.96,58.53,57.93,51.92,55.43,57.36,61.18,68.02,55.85,51.72,51.64,51.14,48.93,47.91,50.80,50.07,46.15,48.05,48.75,50.00,49.74,51.03,50.85,51.19,53.22,51.64,52.71,51.09,52.12,51.51,49.76,49.96,51.00,51.74,51.34,51.77,51.88,51.64,51.49,51.48,51.81,51.39,51.68,51.39,51.19,50.46,50.30,49.05,49.94,49.54,48.77,49.57,49.01,48.56,48.38,49.08,49.33,49.53,49.28,50.17,48.90,48.19,48.49,47.90,48.05,47.24,47.50,47.85,48.27,47.19,48.32,46.55,45.83,46.03,45.77,44.96,44.21,45.05,43.19,45.09,43.85,43.09,44.08,44.33,41.90,42.40,42.90,42.75,43.28,44.00,43.90,42.79,43.85,45.63,44.84,45.46,45.62,45.15,45.19,45.44,45.36,45.49,46.20,45.35,42.87,44.84,45.72,44.92,46.40,46.95,46.49,46.95,48.13,47.74,47.71,50.33,46.09,44.00,46.51,45.44,44.37,45.64,45.34,46.82,45.69,45.16,43.74,45.08,45.97,44.59,45.39,46.23,43.97,45.88,48.65,56.62,55.87,53.97,52.26,51.48,50.17,49.24,48.64,48.42,48.74,48.72,50.34,52.09,51.79,51.82,51.61,50.89,53.84,55.02,56.85,56.52,59.53,60.19,59.51,58.25,59.24,58.11,57.79,60.51,61.54,58.43,57.77,58.21,54.39,58.76,56.27,55.72,56.82,56.41,55.47,53.85,54.65,54.42,53.48,52.91,53.44,53.02,52.57,52.70,51.35,50.00,49.30,51.01,47.18,48.83,50.06,49.81,50.99
,"    Addenda:",,,,,,,,,,,,,,,,,,,,,,,,,,,,,,,,,,,,,,,,,,,,,,,,,,,,,,,,,,,,,,,,,,,,,,,,,,,,,,,,,,,,,,,,,,,,,,,,,,,,,,,,,,,,,,,,,,,,,,,,,,,,,,,,,,,,,,,,,,,,,,,,,,,,,,,,,,,,,,,,,,,,,,,,,,,,,,,,,,,,,,,,,,,,,,,,,,,,,,,,,,,,,,,,,,,,,,,,,
12,"        Unit truck sales, not seasonally adjusted",617.8,724.5,856.0,743.1,814.2,764.7,713.6,821.4,724.3,696.4,636.6,785.3,567.6,640.9,699.2,616.2,626.1,552.8,537.1,641.7,506.2,431.9,406.8,497.4,357.7,363.1,430.8,406.1,457.7,422.4,466.4,559.0,365.6,433.0,393.6,545.1,356.3,400.3,550.5,503.7,562.4,507.0,550.8,520.7,510.7,528.8,492.4,653.3,456.1,524.1,628.4,577.6,546.7,557.3,588.6,596.9,601.1,578.1,573.5,727.2,477.6,571.8,686.1,589.8,692.2,668.3,604.4,671.6,621.0,588.3,618.2,745.2,542.6,613.6,739.7,674.6,763.0,738.6,697.8,793.5,603.5,671.8,686.7,771.0,563.1,658.8,821.5,751.5,869.4,766.5,803.1,854.9,706.5,731.4,745.0,880.2,663.0,727.6,862.9,834.0,921.6,858.5,899.8,928.5,877.0,887.9,830.0,1037.9,716.2,819.1,948.1,915.7,927.4,944.4,956.1,960.0,907.0,891.1,891.7,1118.3,752.3,868.9,993.4,912.5,982.5,981.8,940.2,989.7,1018.8,927.6,963.6,1144.6,816.3,906.8,1150.9,963.1,1113.8,1104.1,986.8,1087.0,1045.5,986.5,1021.8,1219.9,818.4,923.4,1160.5,977.8,1173.8,1115.5,1061.6,1251.7,976.7,1037.3,1086.7,1185.1,875.2,1037.2,758.6,576.9,884.2,880.2,975.9,1054.6,1074.8,1085.8,957.6,1318.5,891.7,967.9,1280.3,1206.9,1229.0,1028.1,1012.0,874.7,830.2,880.5,844.8,1012.4,820.6,860.8,1034.8,1010.8,907.0,936.6,933.5,940.4,933.4,981.1,936.7,1076.1,873.1,951.6,1133.7,1112.4,1126.7,1135.9,1074.5,1101.4,1109.4,1004.6,1029.1,1240.1,899.4,1035.5,1192.1,1100.8,1195.0,1099.2,1083.9,1188.4,984.6,1121.5,1161.9,1294.1,953.9
13,"            14,000 lbs. GVW and under, domestic",477.4,586.6,682.7,600.2,661.8,612.8,573.3,668.2,589.0,553.6,501.2,631.9,447.5,515.0,557.9,484.6,491.2,443.1,424.8,522.6,406.7,332.5,315.9,387.4,269.1,273.7,330.6,325.8,368.1,341.1,370.9,438.3,291.9,350.3,316.6,440.1,285.1,327.7,442.0,416.4,472.5,421.5,450.3,421.8,418.3,432.7,396.8,535.2,366.4,424.5,502.9,472.7,450.1,458.2,484.7,484.3,488.6,471.2,468.4,594.7,379.1,462.8,549.4,478.4,565.5,547.0,489.1,550.8,508.3,484.3,502.4,610.4,438.4,501.2,602.4,553.0,625.0,600.6,558.1,640.8,482.4,534.1,549.6,618.8,450.0,531.0,654.9,611.0,714.3,623.7,646.9,680.9,561.2,586.1,606.7,717.5,532.3,585.2,680.9,664.9,733.9,671.5,702.5,715.7,694.5,680.9,637.3,797.8,551.9,637.9,729.9,711.2,702.8,724.0,728.0,726.6,700.6,692.0,680.8,850.5,567.3,667.4,752.0,694.9,741.2,742.8,704.4,738.1,766.4,699.9,721.3,856.0,600.8,665.0,844.5,714.6,824.5,811.3,728.7,803.6,774.8,727.4,754.2,903.9,598.1,680.7,870.1,745.2,897.4,856.6,803.9,946.2,729.7,776.1,820.4,897.3,659.4,786.7,582.5,436.0,645.6,631.5,725.7,794.3,822.6,823.1,709.1,998.1,661.1,723.5,945.1,898.7,894.1,758.9,746.1,640.0,612.2,667.9,660.7,780.5,623.5,648.7,792.0,794.1,712.5,728.7,734.2,715.8,725.4,756.9,728.0,826.9,667.7,737.4,874.3,861.8,864.8,874.9,822.7,830.7,846.2,763.3,784.8,949.3,683.7,798.9,907.0,834.7,912.4,843.2,814.9,890.0,747.7,859.9,893.9,993.4,712.3
14,"            14,000 lbs. GVW and under, imports",103.6,103.9,135.3,109.3,120.8,120.9,113.6,124.0,109.9,112.9,110.2,123.7,95.8,101.2,114.2,102.1,107.2,82.5,88.6,96.8,77.2,75.0,70.6,85.3,72.9,75.0,82.5,65.1,75.1,63.9,79.4,106.0,58.3,64.5,59.5,82.0,55.3,57.6,88.1,70.4,73.1,66.3,81.7,81.7,74.5,77.6,77.1,95.3,71.5,80.5,100.0,81.8,71.5,71.7,80.3,84.9,85.1,77.8,78.4,99.0,74.3,82.0,104.8,82.6,95.3,90.9,86.3,90.5,86.2,75.1,90.0,102.8,79.1,87.6,111.5,91.1,107.6,106.5,110.0,123.8,92.5,103.8,109.3,116.3,86.4,100.8,134.3,106.1,121.3,108.6,119.9,138.3,108.8,106.6,108.2,120.6,100.0,111.1,144.0,132.9,150.6,143.5,156.7,173.8,145.0,168.0,157.4,199.0,132.9,148.0,177.9,170.0,190.6,184.6,197.9,199.8,174.1,169.3,181.1,231.4,159.3,173.5,206.2,185.6,206.7,201.3,203.4,213.5,216.3,191.2,207.0,245.1,184.8,207.4,265.9,210.8,249.3,249.8,217.9,238.2,227.8,213.5,227.9,267.9,181.9,205.9,246.4,186.4,229.8,213.9,210.2,258.9,198.5,215.0,231.0,241.6,183.9,217.4,142.7,112.9,215.0,218.3,218.4,223.9,213.6,222.3,212.4,274.5,195.3,211.5,289.5,269.4,296.5,228.4,229.9,198.4,180.9,174.3,148.9,184.9,166.3,179.8,201.5,181.2,156.9,167.3,161.2,180.8,166.4,181.1,167.6,199.1,169.0,177.3,214.8,208.7,216.1,214.7,211.2,224.3,220.8,200.5,205.9,244.6,178.9,200.0,245.5,225.8,242.6,217.9,226.9,255.0,196.8,220.2,229.5,255.7,206.3
15,"            Over 14,001 lbs. GVW",36.8,34.0,38.0,33.6,31.5,31.1,26.8,29.2,25.4,29.9,25.1,29.7,24.3,24.8,27.1,29.5,27.7,27.3,23.7,22.3,22.3,24.4,20.3,24.8,15.6,14.5,17.7,15.3,14.5,17.4,16.1,14.6,15.4,18.3,17.4,23.0,15.9,14.9,20.3,16.9,16.8,19.2,18.7,17.2,18.0,18.5,18.4,22.8,18.2,19.1,25.5,23.0,25.1,27.5,23.7,27.7,27.3,29.1,26.7,33.6,24.3,27.0,31.8,28.8,31.5,30.4,29.0,30.4,26.5,28.9,25.8,32.0,25.0,24.8,25.8,30.6,30.4,31.5,29.6,28.8,28.6,33.9,27.8,35.9,26.6,27.1,32.3,34.4,33.8,34.2,36.3,35.6,36.5,38.6,30.0,42.2,30.7,31.3,38.0,36.2,37.1,43.5,40.6,39.0,37.5,38.9,35.3,41.1,31.4,33.1,40.4,34.4,34.0,35.7,30.1,33.6,32.4,29.9,29.8,36.4,25.7,28.0,35.2,32.0,34.6,37.7,32.4,38.2,36.1,36.5,35.3,43.5,30.7,34.4,40.5,37.7,40.0,42.9,40.2,45.2,42.9,45.6,39.7,48.1,38.3,36.8,43.9,46.1,46.6,45.1,47.4,46.6,48.5,46.2,35.3,46.2,31.9,33.1,33.4,28.0,23.6,30.4,31.8,36.3,38.6,40.4,36.1,45.9,35.4,32.9,45.6,38.7,38.3,40.8,35.9,36.3,37.0,38.3,35.2,47.0,30.8,32.2,41.3,35.5,37.6,40.6,38.2,43.8,41.7,43.1,41.1,50.1,36.5,36.9,44.7,41.9,45.8,46.3,40.6,46.4,42.4,40.8,38.4,46.2,36.9,36.6,39.6,40.3,40.1,38.1,42.2,43.4,40.1,41.3,38.5,45.0,35.4
16,"        Unit truck sales, seasonally adjusted at annual rates",9.174,9.533,8.942,9.174,8.810,8.658,8.627,9.065,9.010,8.930,8.448,8.427,8.285,8.248,7.830,7.279,6.739,6.645,5.983,7.224,6.575,5.239,5.404,5.235,5.213,4.756,4.947,4.734,5.212,4.987,5.322,6.549,4.528,5.169,5.497,5.484,5.476,5.218,6.140,5.970,6.306,5.963,6.210,6.228,6.163,6.650,6.636,6.677,7.006,6.840,6.710,6.814,6.394,6.213,6.944,6.874,7.388,7.348,7.425,7.515,7.321,7.289,7.251,7.444,7.514,7.565,7.464,7.440,7.721,7.565,7.907,7.938,7.989,8.101,8.234,8.333,8.445,8.509,8.358,8.214,8.256,8.274,8.493,8.344,8.414,8.740,9.296,9.120,9.324,9.351,9.348,9.172,9.333,9.094,9.313,9.297,9.520,9.677,10.112,10.177,10.181,10.215,10.622,10.665,10.746,10.699,10.926,10.402,10.869,10.908,10.429,10.830,10.809,10.898,11.200,11.117,11.025,11.321,11.095,11.454,11.404,11.477,10.973,11.010,11.082,11.319,11.289,11.108,11.877,12.162,11.936,12.055,11.825,11.989,12.275,12.319,12.376,12.504,12.402,12.447,12.542,12.501,12.824,12.810,11.814,12.189,12.839,12.210,13.150,12.910,13.023,13.222,13.120,12.717,13.143,12.890,12.632,12.854,8.927,7.018,9.832,10.597,11.762,12.416,13.004,12.867,12.610,13.232,12.976,12.689,14.542,14.590,13.509,12.280,11.731,10.640,9.970,10.614,10.774,10.392,11.890,11.292,11.449,11.761,10.638,10.906,11.173,11.219,11.270,12.069,11.659,11.119,12.576,12.457,12.611,13.173,12.874,13.308,13.140,12.819,12.950,12.775,12.816,13.224,12.554,13.179,13.180,13.486,13.366,12.714,13.394,12.749,13.214,13.485,14.076,14.283,13.325
17,"            14,000 lbs. GVW and under, domestic",7.251,7.680,7.143,7.399,7.092,6.896,6.922,7.393,7.257,7.146,6.734,6.752,6.647,6.625,6.246,5.701,5.229,5.277,4.696,5.933,5.256,4.049,4.220,4.072,4.015,3.561,3.823,3.766,4.168,3.995,4.230,5.171,3.594,4.192,4.462,4.422,4.461,4.252,4.965,4.923,5.258,4.915,5.077,5.064,5.011,5.461,5.402,5.457,5.727,5.516,5.390,5.542,5.220,5.048,5.727,5.581,6.009,5.999,6.103,6.149,5.915,5.883,5.844,6.001,6.068,6.160,6.063,6.106,6.305,6.259,6.465,6.469,6.523,6.589,6.751,6.800,6.855,6.869,6.715,6.631,6.643,6.594,6.823,6.662,6.813,7.022,7.462,7.360,7.590,7.583,7.534,7.313,7.466,7.320,7.592,7.557,7.702,7.759,8.023,8.028,8.046,7.935,8.294,8.317,8.465,8.225,8.420,7.954,8.453,8.486,8.036,8.350,8.140,8.276,8.569,8.502,8.448,8.837,8.468,8.670,8.677,8.803,8.354,8.313,8.316,8.511,8.505,8.330,8.912,9.202,8.904,8.995,8.766,8.793,9.057,9.061,9.117,9.163,9.185,9.316,9.241,9.217,9.462,9.464,8.692,8.959,9.699,9.222,10.012,9.907,9.877,10.021,9.902,9.498,9.950,9.721,9.582,9.710,6.882,5.242,7.198,7.568,8.744,9.518,9.864,9.753,9.360,9.954,9.701,9.446,10.765,10.748,9.838,9.040,8.655,7.918,7.281,8.075,8.415,7.988,9.110,8.482,8.764,9.186,8.366,8.453,8.811,8.666,8.695,9.356,9.033,8.515,9.690,9.613,9.739,10.154,9.877,10.213,10.097,9.790,9.809,9.714,9.732,10.105,9.602,10.095,10.086,10.150,10.202,9.753,10.064,9.588,10.100,10.299,10.805,10.909,10.024
18,"            14,000 lbs. GVW and under, imports",1.428,1.388,1.376,1.375,1.353,1.406,1.366,1.327,1.420,1.456,1.398,1.363,1.316,1.298,1.265,1.241,1.177,1.056,0.996,1.006,1.046,0.923,0.913,0.921,0.986,0.995,0.928,0.786,0.864,0.799,0.896,1.191,0.745,0.771,0.811,0.838,0.790,0.759,0.956,0.842,0.840,0.835,0.900,0.952,0.933,0.974,1.004,0.998,1.020,1.058,1.045,0.983,0.874,0.860,0.916,0.967,1.048,1.011,0.985,1.023,1.069,1.048,1.050,1.082,1.084,1.056,1.048,0.982,1.076,0.990,1.116,1.128,1.127,1.167,1.174,1.173,1.242,1.266,1.295,1.242,1.262,1.306,1.306,1.310,1.236,1.342,1.455,1.346,1.335,1.376,1.389,1.427,1.435,1.343,1.316,1.319,1.382,1.488,1.652,1.705,1.694,1.791,1.838,1.897,1.833,2.022,2.055,2.026,1.972,1.966,1.928,2.058,2.262,2.221,2.266,2.230,2.195,2.135,2.246,2.414,2.364,2.290,2.214,2.301,2.349,2.381,2.389,2.341,2.545,2.537,2.579,2.619,2.629,2.724,2.752,2.791,2.773,2.848,2.725,2.611,2.805,2.762,2.853,2.862,2.588,2.720,2.637,2.411,2.568,2.479,2.563,2.665,2.659,2.701,2.741,2.705,2.608,2.681,1.661,1.425,2.346,2.672,2.628,2.478,2.693,2.665,2.788,2.819,2.786,2.782,3.253,3.355,3.205,2.760,2.635,2.302,2.257,2.115,1.911,1.931,2.355,2.359,2.210,2.131,1.818,1.977,1.893,2.047,2.085,2.235,2.103,2.100,2.382,2.331,2.356,2.497,2.444,2.555,2.544,2.494,2.640,2.606,2.595,2.653,2.442,2.577,2.635,2.835,2.681,2.520,2.814,2.660,2.638,2.724,2.780,2.920,2.811
19,"            Over 14,001 lbs. GVW",0.494,0.465,0.422,0.401,0.365,0.356,0.339,0.346,0.333,0.329,0.316,0.312,0.322,0.326,0.319,0.337,0.333,0.312,0.291,0.285,0.273,0.267,0.270,0.242,0.212,0.200,0.196,0.182,0.180,0.193,0.196,0.186,0.189,0.206,0.224,0.224,0.224,0.207,0.219,0.204,0.209,0.212,0.234,0.212,0.219,0.216,0.230,0.223,0.259,0.266,0.275,0.289,0.300,0.305,0.301,0.326,0.330,0.339,0.337,0.342,0.337,0.358,0.357,0.361,0.361,0.350,0.353,0.353,0.340,0.316,0.327,0.341,0.339,0.345,0.309,0.360,0.347,0.375,0.347,0.341,0.351,0.373,0.364,0.372,0.365,0.376,0.379,0.415,0.400,0.392,0.426,0.431,0.432,0.431,0.405,0.421,0.435,0.430,0.436,0.444,0.440,0.489,0.491,0.451,0.447,0.452,0.451,0.422,0.444,0.456,0.465,0.422,0.406,0.402,0.366,0.386,0.382,0.348,0.380,0.371,0.363,0.384,0.405,0.395,0.417,0.427,0.395,0.438,0.420,0.423,0.452,0.442,0.430,0.472,0.466,0.467,0.487,0.493,0.492,0.520,0.496,0.522,0.508,0.484,0.534,0.510,0.504,0.577,0.569,0.524,0.583,0.536,0.559,0.519,0.452,0.464,0.442,0.463,0.383,0.351,0.288,0.357,0.391,0.419,0.447,0.449,0.462,0.460,0.489,0.461,0.524,0.487,0.466,0.480,0.441,0.419,0.432,0.425,0.448,0.473,0.424,0.451,0.476,0.444,0.455,0.476,0.469,0.506,0.491,0.479,0.523,0.504,0.504,0.513,0.516,0.522,0.553,0.539,0.499,0.535,0.501,0.455,0.489,0.466,0.510,0.508,0.459,0.501,0.484,0.441,0.517,0.501,0.476,0.462,0.491,0.454,0.491
20,"        Unit sales of light trucks to consumers (Thousands, SAAR)",4953.9,5052.0,4755.6,4923.5,4749.9,4572.5,4574.5,4767.2,4837.8,4972.4,4522.3,4397.3,4186.0,4271.9,4025.9,3726.1,3474.1,3276.2,2936.4,3901.8,3769.8,2907.5,2964.8,3103.1,3212.0,2953.7,3046.5,2867.3,3190.0,3236.0,3437.0,4262.4,2574.0,3004.7,3224.3,3201.7,2905.6,2842.2,3710.6,3520.4,3535.1,3425.0,3528.5,3527.4,3479.7,3735.3,3753.2,3895.5,3934.1,3720.9,3722.9,3696.9,3643.2,3513.8,3703.9,3672.3,4015.9,4153.8,4063.9,4194.8,4136.8,4152.1,4047.6,4235.3,4152.9,4190.5,4127.4,4088.3,4225.0,4236.2,4449.8,4379.8,4406.9,4389.6,4416.3,4550.1,4581.2,4553.6,4608.5,4527.5,4346.8,4326.9,4585.8,4444.6,4577.2,4682.4,5074.6,4851.9,4941.0,5027.5,4916.6,4935.5,4906.7,4880.1,5022.5,4958.9,5068.8,5173.0,5416.1,5450.2,5467.0,5391.1,5471.2,5508.6,5427.7,5270.1,5472.0,5145.6,5261.8,5313.9,5176.8,5419.7,5377.9,5451.5,5626.8,5516.6,5691.6,5707.1,5489.9,5637.6,5585.3,5884.7,5437.8,5500.8,5553.7,5705.6,5748.5,5527.2,5981.3,6072.6,5974.5,6090.1,5806.9,5786.7,5850.2,5817.4,5944.0,5956.5,6013.4,6070.0,6037.6,6033.8,6273.2,6374.6,5418.6,5591.3,5965.9,5621.3,6075.5,6057.2,6207.3,6213.4,6320.4,5989.3,6247.6,6393.5,5961.4,5922.4,4363.5,4146.1,5905.5,5893.8,6327.1,6531.9,7009.5,6769.5,6684.0,7192.1,6971.4,6909.5,8103.1,8268.9,7489.7,6795.2,6369.1,5733.5,5482.5,5915.8,6094.2,6088.8,6992.0,6714.5,6599.0,6725.4,6229.2,6372.4,6300.8,6300.3,6445.1,6748.7,6389.7,6171.7,7041.1,6953.5,6894.6,6988.4,6897.6,6903.0,6932.8,6712.0,6812.3,6675.9,6770.3,6936.2,6508.8,6739.1,6743.9,6788.5,6966.8,6621.5,7055.9,6733.4,6973.7,6917.4,7447.7,7673.3,7131.7
21,"        Overall average expenditure per light truck",28757,28934,29152,29175,29164,29076,29038,29112,29561,29834,29719,29717,29251,29315,29284,28933,28612,28727,28545,28170,27711,27606,27608,27860,28355,28410,28407,29204,29041,29128,28287,28422,31238,30755,30573,30985,31581,31604,31634,31831,32171,32307,32120,32239,32349,33429,33173,33021,32828,32944,32927,32965,33255,33363,33504,33657,33737,33905,33546,33574,33512,33593,33557,33856,33788,33855,33957,34155,34311,34621,34596,34673,34589,34587,34570,34491,34341,34133,34546,34490,34821,35062,34930,34840,34805,34797,35186,35488,35480,35685,35854,35777,35634,35717,35911,36112,36228,36154,36126,36190,36168,36269,36385,36359,36198,36174,36299,36497,36428,36573,36688,36566,36513,36556,36497,36634,36703,36628,36555,36632,36963,36791,36969,36641,36854,36915,36899,37111,36844,37362,37457,37920,37563,37569,37506,37561,37664,37594,37734,38189,38182,38068,38112,37668,38215,38521,38597,38986,38827,38815,38893,38664,39468,38981,39414,39479,39457,39354,40516,41270,40415,40315,40689,40721,40702,41482,41681,41729,42226,42693,42420,43323,44089,45211,45491,45694,46781,47628,47648,47905,48274,47936,48096,48528,49159,49500,49893,50173,49592,49572,49721,50233,50716,50400,50675,50733,50659,50437,50232,50725,50444,50071,50077,50038,49579,50150,50196,50622,50326,49518,49676,49189,49156,49176,49799,49541,49404
22,"        Average consumer expenditure per light truck",28527,28709,28937,28948,28950,28849,28804,28863,29285,29545,29390,29329,28818,28872,28830,28498,28202,28333,28159,27914,27543,27490,27566,27898,28461,28548,28625,29515,29412,29468,28635,28774,31706,31191,30973,31338,31907,31850,31796,31922,32209,32282,32086,32187,32283,33345,33091,32962,32793,32935,32923,32974,33271,33378,33529,33670,33734,33894,33515,33510,33417,33477,33423,33690,33600,33650,33739,33934,34095,34414,34402,34495,34509,34354,34284,34350,34734,34097,34451,33830,35841,35085,34132,34853,34637,34719,34834,35216,35198,35330,35607,35341,35120,35235,35279,35544,35730,35746,35800,36073,35631,36015,36146,35958,36028,35870,35907,36300,36028,36235,35908,35963,35968,35919,36056,36126,36096,36217,36020,36170,36521,36053,36626,36163,36196,36274,36562,36658,36141,36961,37050,37465,37051,37035,36944,36968,37081,36994,37106,37542,37504,37372,37401,36947,37401,37674,37743,38121,37973,37984,38108,37916,38773,38349,38858,39025,39080,39055,40280,41112,40315,40262,40664,40708,40683,41468,41637,41671,42121,42551,42259,43141,43878,44997,45266,45463,46580,47441,47497,47790,48196,47901,48093,48546,49183,49538,49932,50201,49615,49564,49671,50134,50556,50193,50413,50425,50314,50047,49810,50269,49991,49598,49603,49552,49178,49552,49541,49968,49635,48915,49116,48448,48702,48680,49316,49068,48934
,Unit auto production:,,,,,,,,,,,,,,,,,,,,,,,,,,,,,,,,,,,,,,,,,,,,,,,,,,,,,,,,,,,,,,,,,,,,,,,,,,,,,,,,,,,,,,,,,,,,,,,,,,,,,,,,,,,,,,,,,,,,,,,,,,,,,,,,,,,,,,,,,,,,,,,,,,,,,,,,,,,,,,,,,,,,,,,,,,,,,,,,,,,,,,,,,,,,,,,,,,,,,,,,,,,,,,,,,,,,,,,,,
23,"    Unit assemblies (Thousands, NSA)",348.8,326.9,352.3,313.8,340.8,348.1,244.8,355.7,288.2,370.1,323.4,254.3,338.2,339.0,324.4,324.3,301.2,322.0,281.4,343.0,346.9,366.0,238.2,206.7,100.5,136.1,173.2,156.0,143.7,160.2,143.6,220.2,256.8,279.7,221.3,204.3,216.6,232.1,263.4,232.3,245.8,248.9,173.4,244.8,238.4,239.7,219.3,176.4,195.4,228.7,282.7,213.2,236.5,242.7,163.1,294.4,264.0,309.7,281.7,264.7,320.4,343.3,363.7,339.7,370.9,353.6,274.6,388.8,331.8,410.8,351.1,260.4,374.6,363.0,385.2,394.8,397.0,369.4,250.3,390.5,376.3,428.7,358.7,280.4,358.5,360.8,374.3,351.4,344.9,379.1,299.4,367.4,372.3,396.4,327.8,320.9,326.3,321.9,400.3,377.9,370.8,369.9,309.0,357.3,360.0,379.4,312.0,278.0,307.8,348.5,353.1,339.7,322.1,376.3,245.3,372.1,343.0,333.6,315.4,259.8,276.0,280.5,296.6,264.0,303.1,273.8,160.3,279.5,224.7,252.4,236.2,186.1,220.4,245.7,266.9,256.4,250.3,230.3,156.4,236.7,215.9,273.4,239.0,199.1,234.1,218.7,213.9,212.0,228.8,204.7,173.3,226.8,198.9,213.2,214.3,173.4,217.6,221.2,151.5,1.8,46.9,149.2,177.7,197.5,200.9,206.4,172.8,154.6,163.6,144.1,138.2,138.3,125.9,130.3,110.6,129.2,88.8,134.6,135.1,126.1,124.8,127.5,149.2,140.2,141.6,150.3,110.2,171.6,161.1,161.9,143.8,121.5,134.7,145.5,166.0,142.4,155.1,150.9,109.2,169.7,146.1,153.2,148.1,120.2,122.2,136.4,132.7,120.5,126.7,113.6,91.8,125.6,119.6,146.4,117.5,79.7,94.4
24,"        Percent change from preceding period",20.5,-6.3,7.8,-10.9,8.6,2.1,-29.7,45.3,-19.0,28.4,-12.6,-21.4,33.0,0.2,-4.3,0.0,-7.1,6.9,-12.6,21.9,1.1,5.5,-34.9,-13.2,-51.4,35.4,27.3,-9.9,-7.9,11.5,-10.4,53.3,16.6,8.9,-20.9,-7.7,6.0,7.2,13.5,-11.8,5.8,1.3,-30.3,41.2,-2.6,0.5,-8.5,-19.6,10.8,17.0,23.6,-24.6,10.9,2.6,-32.8,80.5,-10.3,17.3,-9.0,-6.0,21.0,7.1,5.9,-6.6,9.2,-4.7,-22.3,41.6,-14.7,23.8,-14.5,-25.8,43.9,-3.1,6.1,2.5,0.6,-7.0,-32.2,56.0,-3.6,13.9,-16.3,-21.8,27.9,0.6,3.7,-6.1,-1.8,9.9,-21.0,22.7,1.3,6.5,-17.3,-2.1,1.7,-1.3,24.4,-5.6,-1.9,-0.2,-16.5,15.6,0.8,5.4,-17.8,-10.9,10.7,13.2,1.3,-3.8,-5.2,16.8,-34.8,51.7,-7.8,-2.7,-5.5,-17.6,6.2,1.6,5.7,-11.0,14.8,-9.7,-41.5,74.4,-19.6,12.3,-6.4,-21.2,18.4,11.5,8.6,-3.9,-2.4,-8.0,-32.1,51.3,-8.8,26.6,-12.6,-16.7,17.6,-6.6,-2.2,-0.9,7.9,-10.5,-15.3,30.9,-12.3,7.2,0.5,-19.1,25.5,1.7,-31.5,-98.8,2505.6,218.1,19.1,11.1,1.7,2.7,-16.3,-10.5,5.8,-11.9,-4.1,0.1,-9.0,3.5,-15.1,16.8,-31.3,51.6,0.4,-6.7,-1.0,2.2,17.0,-6.0,1.0,6.1,-26.7,55.7,-6.1,0.5,-11.2,-15.5,10.9,8.0,14.1,-14.2,8.9,-2.7,-27.6,55.4,-13.9,4.9,-3.3,-18.8,1.7,11.6,-2.7,-9.2,5.1,-10.3,-19.2,36.8,-4.8,22.4,-19.7,-32.2,18.4
25,"    BEA production estimate (millions, SAAR)",4.086,3.892,3.763,3.886,3.757,4.040,4.152,3.751,3.523,3.722,3.812,4.000,3.943,3.847,3.930,3.545,3.542,3.749,4.505,3.970,3.847,3.662,3.251,2.870,1.290,1.625,1.848,1.834,1.783,1.780,2.263,2.528,2.878,2.926,2.744,2.833,2.778,2.785,2.688,2.693,3.012,2.764,2.814,2.687,2.664,2.628,2.660,2.447,2.387,2.752,2.884,2.605,2.762,2.696,2.735,3.092,2.958,3.403,3.410,3.676,3.925,3.940,3.892,4.142,4.117,4.116,4.337,4.084,4.126,4.135,4.242,4.111,4.382,4.375,4.556,4.357,4.388,4.502,3.751,4.284,4.468,4.339,4.404,4.427,4.228,4.315,4.168,3.986,3.979,4.398,4.588,4.267,4.249,4.043,4.414,4.444,4.271,3.847,4.247,4.247,4.488,4.086,4.741,4.177,4.126,4.073,3.817,3.823,4.007,3.965,3.936,3.859,3.738,4.153,3.954,3.989,3.928,3.773,3.752,3.574,3.352,3.337,3.169,3.455,3.404,3.086,2.545,3.035,2.701,2.710,2.665,2.639,2.614,2.956,3.112,2.993,2.797,2.713,2.340,2.546,2.723,2.795,2.796,3.036,2.773,2.623,2.500,2.449,2.566,2.545,2.488,2.532,2.374,2.173,2.557,2.494,2.593,2.654,1.700,0.020,0.580,1.698,2.544,2.305,2.275,2.191,2.162,2.093,2.162,1.732,1.490,1.589,1.562,1.489,1.650,1.439,1.002,1.493,1.603,1.704,1.572,1.537,1.615,1.694,1.678,1.726,1.711,1.824,1.812,1.793,1.696,1.643,1.698,1.758,1.800,1.814,1.760,1.738,1.774,1.799,1.721,1.616,1.752,1.732,1.472,1.576,1.657,1.322,1.441,1.445,1.283,1.387,1.405,1.474,1.418,1.226,1.150
26,"        Percent change from preceding period",-4.0,-4.7,-3.3,3.3,-3.3,7.5,2.8,-9.7,-6.1,5.6,2.4,4.9,-1.4,-2.4,2.2,-9.8,-0.1,5.8,20.2,-11.9,-3.1,-4.8,-11.2,-11.7,-55.1,26.0,13.7,-0.8,-2.8,-0.2,27.1,11.7,13.8,1.7,-6.2,3.2,-1.9,0.3,-3.5,0.2,11.8,-8.2,1.8,-4.5,-0.9,-1.4,1.2,-8.0,-2.5,15.3,4.8,-9.7,6.0,-2.4,1.4,13.1,-4.3,15.0,0.2,7.8,6.8,0.4,-1.2,6.4,-0.6,0.0,5.4,-5.8,1.0,0.2,2.6,-3.1,6.6,-0.2,4.1,-4.4,0.7,2.6,-16.7,14.2,4.3,-2.9,1.5,0.5,-4.5,2.1,-3.4,-4.4,-0.2,10.5,4.3,-7.0,-0.4,-4.8,9.2,0.7,-3.9,-9.9,10.4,0.0,5.7,-9.0,16.0,-11.9,-1.2,-1.3,-6.3,0.2,4.8,-1.0,-0.7,-2.0,-3.1,11.1,-4.8,0.9,-1.5,-3.9,-0.6,-4.7,-6.2,-0.4,-5.0,9.0,-1.5,-9.3,-17.5,19.3,-11.0,0.3,-1.7,-1.0,-0.9,13.1,5.3,-3.8,-6.5,-3.0,-13.7,8.8,7.0,2.6,0.0,8.6,-8.7,-5.4,-4.7,-2.0,4.8,-0.8,-2.2,1.8,-6.2,-8.5,17.7,-2.5,4.0,2.4,-35.9,-98.8,2800.0,192.8,49.8,-9.4,-1.3,-3.7,-1.3,-3.2,3.3,-19.9,-14.0,6.6,-1.7,-4.7,10.8,-12.8,-30.4,49.0,7.4,6.3,-7.7,-2.2,5.1,4.9,-0.9,2.9,-0.9,6.6,-0.7,-1.0,-5.4,-3.1,3.3,3.5,2.4,0.8,-3.0,-1.2,2.1,1.4,-4.3,-6.1,8.4,-1.1,-15.0,7.1,5.1,-20.2,9.0,0.3,-11.2,8.1,1.3,4.9,-3.8,-13.5,-6.2
27,"    FRB production estimate (millions, SAAR)",4.086,3.891,3.763,3.885,3.758,4.040,4.151,3.751,3.523,3.723,3.812,3.999,3.943,3.847,3.930,3.545,3.543,3.748,4.505,3.970,3.847,3.663,3.251,2.871,1.291,1.626,1.849,1.834,1.785,1.781,2.265,2.530,2.878,2.926,2.745,2.834,2.779,2.786,2.689,2.694,3.013,2.764,2.814,2.687,2.665,2.629,2.661,2.447,2.387,2.752,2.884,2.606,2.763,2.697,2.737,3.093,2.959,3.439,3.411,3.676,3.925,3.940,3.892,4.142,4.117,4.116,4.337,4.083,4.125,4.135,4.242,4.110,4.383,4.376,4.561,4.351,4.388,4.500,3.749,4.278,4.462,4.340,4.404,4.425,4.244,4.325,4.178,3.989,3.984,4.429,4.686,4.336,4.258,4.038,4.419,4.445,4.182,3.851,4.252,4.241,4.492,4.085,4.750,4.173,4.119,4.040,3.829,3.824,4.006,3.963,3.943,3.859,3.742,4.147,3.957,3.981,3.931,3.769,3.775,3.593,3.351,3.334,3.171,3.452,3.404,3.083,2.544,3.035,2.702,2.709,2.663,2.640,2.588,2.935,3.131,2.997,2.786,2.688,2.314,2.549,2.744,2.794,2.781,3.022,2.774,2.603,2.495,2.441,2.569,2.544,2.491,2.534,2.372,2.206,2.557,2.494,2.595,2.658,1.700,0.020,0.578,1.693,2.544,2.311,2.278,2.191,2.164,2.096,2.160,1.729,1.489,1.589,1.562,1.489,1.649,1.439,1.002,1.493,1.602,1.674,1.573,1.536,1.731,1.694,1.677,1.742,1.728,1.796,1.780,1.761,1.666,1.613,1.697,1.757,1.798,1.814,1.759,1.737,1.772,1.808,1.721,1.616,1.764,1.731,1.479,1.583,1.656,1.323,1.441,1.445,1.313,1.387,1.405,1.398,1.360,1.225,1.321
28,"        Percent change from preceding period",-4.0,-4.8,-3.3,3.2,-3.3,7.5,2.7,-9.6,-6.1,5.7,2.4,4.9,-1.4,-2.4,2.2,-9.8,-0.1,5.8,20.2,-11.9,-3.1,-4.8,-11.2,-11.7,-55.0,25.9,13.7,-0.8,-2.7,-0.2,27.2,11.7,13.8,1.7,-6.2,3.2,-1.9,0.3,-3.5,0.2,11.8,-8.3,1.8,-4.5,-0.8,-1.4,1.2,-8.0,-2.5,15.3,4.8,-9.6,6.0,-2.4,1.5,13.0,-4.3,16.2,-0.8,7.8,6.8,0.4,-1.2,6.4,-0.6,0.0,5.4,-5.9,1.0,0.2,2.6,-3.1,6.6,-0.2,4.2,-4.6,0.9,2.6,-16.7,14.1,4.3,-2.7,1.5,0.5,-4.1,1.9,-3.4,-4.5,-0.1,11.2,5.8,-7.5,-1.8,-5.2,9.4,0.6,-5.9,-7.9,10.4,-0.3,5.9,-9.1,16.3,-12.1,-1.3,-1.9,-5.2,-0.1,4.8,-1.1,-0.5,-2.1,-3.0,10.8,-4.6,0.6,-1.3,-4.1,0.2,-4.8,-6.7,-0.5,-4.9,8.9,-1.4,-9.4,-17.5,19.3,-11.0,0.3,-1.7,-0.9,-2.0,13.4,6.7,-4.3,-7.0,-3.5,-13.9,10.2,7.7,1.8,-0.5,8.7,-8.2,-6.2,-4.1,-2.2,5.2,-1.0,-2.1,1.7,-6.4,-7.0,15.9,-2.5,4.0,2.4,-36.0,-98.8,2790.0,192.9,50.3,-9.2,-1.4,-3.8,-1.2,-3.1,3.1,-20.0,-13.9,6.7,-1.7,-4.7,10.7,-12.7,-30.4,49.0,7.3,4.5,-6.0,-2.4,12.7,-2.1,-1.0,3.9,-0.8,3.9,-0.9,-1.1,-5.4,-3.2,5.2,3.5,2.3,0.9,-3.0,-1.3,2.0,2.0,-4.8,-6.1,9.2,-1.9,-14.6,7.0,4.6,-20.1,8.9,0.3,-9.1,5.6,1.3,-0.5,-2.7,-9.9,7.8
29,"    Index of industrial production, autos (2017=100)",99.329,94.194,90.317,93.757,91.659,97.520,99.966,93.593,87.372,89.243,92.344,96.702,96.955,93.710,96.056,84.760,86.346,93.315,112.914,98.356,95.011,89.220,80.796,71.627,31.395,39.945,48.245,48.036,46.132,47.229,59.643,66.408,78.030,80.202,74.311,77.795,76.472,77.327,77.863,80.255,89.950,84.396,90.141,85.444,85.401,83.957,84.531,79.724,76.681,89.641,94.223,83.150,88.565,85.848,89.128,100.305,96.435,108.711,108.264,115.061,121.544,119.260,116.516,121.482,119.903,118.983,121.546,113.981,114.639,116.233,117.893,115.380,122.346,121.723,125.228,118.948,121.696,125.598,110.066,121.820,126.909,125.027,128.924,129.487,127.290,130.475,127.417,122.027,123.078,137.956,142.707,132.589,130.640,124.680,134.057,138.263,127.021,116.330,129.702,130.389,136.554,124.728,138.111,130.383,126.817,129.250,122.746,126.883,132.750,130.219,131.263,132.145,129.748,143.944,138.129,136.303,135.142,128.771,126.952,120.805,112.259,111.113,101.479,112.173,109.335,99.078,88.884,97.872,89.975,91.858,92.220,93.756,94.006,106.143,112.386,114.099,110.923,109.481,98.579,103.169,111.552,110.991,109.111,118.956,104.171,95.549,91.374,90.514,93.393,91.889,91.540,93.587,87.372,82.144,98.496,97.863,103.054,108.520,68.855,0.846,25.016,77.487,118.456,107.744,108.756,107.049,108.204,105.242,107.696,85.327,73.870,82.589,80.003,78.987,91.191,79.199,57.506,82.088,88.862,92.609,88.637,86.662,97.045,95.493,96.058,99.106,101.130,102.707,101.255,101.187,96.135,95.797,98.619,100.166,99.035,104.557,101.601,99.663,103.536,104.998,100.312,96.782,102.678,103.409,87.276,92.278,93.574,80.896,87.243,86.426,78.061,83.899,84.316,85.068,82.194,75.776,79.211
30,"        Percent change from preceding period",-2.9,-5.2,-4.1,3.8,-2.2,6.4,2.5,-6.4,-6.6,2.1,3.5,4.7,0.3,-3.3,2.5,-11.8,1.9,8.1,21.0,-12.9,-3.4,-6.1,-9.4,-11.3,-56.2,27.2,20.8,-0.4,-4.0,2.4,26.3,11.3,17.5,2.8,-7.3,4.7,-1.7,1.1,0.7,3.1,12.1,-6.2,6.8,-5.2,-0.1,-1.7,0.7,-5.7,-3.8,16.9,5.1,-11.8,6.5,-3.1,3.8,12.5,-3.9,12.7,-0.4,6.3,5.6,-1.9,-2.3,4.3,-1.3,-0.8,2.2,-6.2,0.6,1.4,1.4,-2.1,6.0,-0.5,2.9,-5.0,2.3,3.2,-12.4,10.7,4.2,-1.5,3.1,0.4,-1.7,2.5,-2.3,-4.2,0.9,12.1,3.4,-7.1,-1.5,-4.6,7.5,3.1,-8.1,-8.4,11.5,0.5,4.7,-8.7,10.7,-5.6,-2.7,1.9,-5.0,3.4,4.6,-1.9,0.8,0.7,-1.8,10.9,-4.0,-1.3,-0.9,-4.7,-1.4,-4.8,-7.1,-1.0,-8.7,10.5,-2.5,-9.4,-10.3,10.1,-8.1,2.1,0.4,1.7,0.3,12.9,5.9,1.5,-2.8,-1.3,-10.0,4.7,8.1,-0.5,-1.7,9.0,-12.4,-8.3,-4.4,-0.9,3.2,-1.6,-0.4,2.2,-6.6,-6.0,19.9,-0.6,5.3,5.3,-36.6,-98.8,2857.0,209.7,52.9,-9.0,0.9,-1.6,1.1,-2.7,2.3,-20.8,-13.4,11.8,-3.1,-1.3,15.5,-13.2,-27.4,42.7,8.3,4.2,-4.3,-2.2,12.0,-1.6,0.6,3.2,2.0,1.6,-1.4,-0.1,-5.0,-0.4,2.9,1.6,-1.1,5.6,-2.8,-1.9,3.9,1.4,-4.5,-3.5,6.1,0.7,-15.6,5.7,1.4,-13.5,7.8,-0.9,-9.7,7.5,0.5,0.9,-3.4,-7.8,4.5
,Unit auto inventory change:,,,,,,,,,,,,,,,,,,,,,,,,,,,,,,,,,,,,,,,,,,,,,,,,,,,,,,,,,,,,,,,,,,,,,,,,,,,,,,,,,,,,,,,,,,,,,,,,,,,,,,,,,,,,,,,,,,,,,,,,,,,,,,,,,,,,,,,,,,,,,,,,,,,,,,,,,,,,,,,,,,,,,,,,,,,,,,,,,,,,,,,,,,,,,,,,,,,,,,,,,,,,,,,,,,,,,,,,,
,"    BEA estimates of unit detail (Thousands, SA):",,,,,,,,,,,,,,,,,,,,,,,,,,,,,,,,,,,,,,,,,,,,,,,,,,,,,,,,,,,,,,,,,,,,,,,,,,,,,,,,,,,,,,,,,,,,,,,,,,,,,,,,,,,,,,,,,,,,,,,,,,,,,,,,,,,,,,,,,,,,,,,,,,,,,,,,,,,,,,,,,,,,,,,,,,,,,,,,,,,,,,,,,,,,,,,,,,,,,,,,,,,,,,,,,,,,,,,,,
31,"        Production",340.5,324.3,313.6,323.8,313.1,336.7,346.0,312.6,293.6,310.2,317.7,333.3,328.6,320.6,327.5,295.4,295.2,312.4,375.4,330.8,320.6,305.2,270.9,239.2,107.5,135.4,154.0,152.8,148.6,148.3,188.6,210.7,239.8,243.8,228.7,236.1,231.5,232.1,224.0,224.4,251.0,230.3,234.5,223.9,222.0,219.0,221.7,203.9,198.9,229.3,240.3,217.1,230.2,224.7,227.9,257.7,246.5,283.6,284.2,306.3,327.1,328.3,324.3,345.2,343.1,343.0,361.4,340.3,343.8,344.6,353.5,342.6,365.2,364.6,379.7,363.1,365.7,375.2,312.6,357.0,372.3,361.6,367.0,368.9,352.3,359.6,347.3,332.2,331.6,366.5,382.3,355.6,354.1,336.9,367.8,370.3,355.9,320.6,353.9,353.9,374.0,340.5,395.1,348.1,343.8,339.4,318.1,318.6,333.9,330.4,328.0,321.6,311.5,346.1,329.5,332.4,327.3,314.4,312.7,297.8,279.3,278.1,264.1,287.9,283.7,257.2,212.1,252.9,225.1,225.8,222.1,219.9,217.8,246.3,259.3,249.4,233.1,226.1,195.0,212.2,226.9,232.9,233.0,253.0,231.1,218.6,208.3,204.1,213.8,212.1,207.3,211.0,197.8,181.1,213.1,207.8,216.1,221.2,141.7,1.7,48.3,141.5,212.0,192.1,189.6,182.6,180.2,174.4,180.2,144.3,124.2,132.4,130.2,124.1,137.5,119.9,83.5,124.4,133.6,142.0,131.0,128.1,134.6,141.2,139.8,143.8,142.6,152.0,151.0,149.4,141.3,136.9,141.5,146.5,150.0,151.2,146.7,144.8,147.8,149.9,143.4,134.7,146.0,144.3,122.7,131.3,138.1,110.2,120.1,120.4,106.9,115.6,117.1,122.8,118.2,102.2,95.8
32,"        Plus: Canadian imports",62.4,56.9,75.8,71.9,89.6,77.4,74.1,69.7,71.0,73.2,78.5,47.2,54.5,61.2,61.5,70.1,60.1,62.1,61.9,59.1,59.7,67.2,61.0,44.8,42.2,38.4,37.7,36.9,28.0,31.5,39.2,56.9,64.2,58.7,63.3,64.6,56.0,64.2,65.1,68.2,78.0,75.7,75.5,83.2,84.6,73.0,72.9,60.5,92.6,84.5,85.9,82.1,68.6,75.2,74.8,77.4,78.0,91.9,84.6,91.3,118.2,99.6,97.3,98.5,88.6,101.2,95.5,97.6,101.6,96.4,106.7,99.1,102.8,96.9,99.5,104.6,105.5,104.8,98.1,102.2,101.2,106.7,108.6,100.1,92.5,98.1,100.0,103.6,109.9,111.6,123.9,118.3,109.9,113.5,106.0,108.9,107.6,106.4,112.0,107.9,114.5,106.8,111.6,108.7,110.4,100.6,112.3,114.2,107.8,108.5,110.9,115.1,101.4,100.8,111.7,105.8,111.4,104.7,108.0,91.8,121.4,117.8,120.3,122.6,116.2,114.2,98.0,103.8,108.7,89.9,122.2,120.0,94.4,101.8,100.8,90.1,108.1,90.2,94.9,74.3,75.2,81.2,85.8,78.2,82.1,69.6,80.6,65.1,79.8,78.6,68.9,62.8,75.0,67.6,60.5,59.6,57.9,58.3,67.1,10.6,19.5,34.4,67.7,50.4,59.6,58.0,52.4,50.9,43.7,44.0,52.7,41.3,38.0,42.0,45.2,47.0,33.4,45.7,40.6,48.3,39.7,42.6,51.8,51.6,41.7,39.2,38.8,35.3,36.6,34.7,41.6,47.5,51.7,49.1,45.2,53.8,52.7,56.7,51.3,53.7,55.2,52.9,49.6,42.1,46.2,42.0,32.0,46.3,52.8,33.6,36.2,24.5,33.8,34.7,30.8,24.4,---
33,"        Plus: Mexican imports",96.6,91.0,83.1,78.2,73.8,85.3,87.8,87.4,93.0,87.4,78.3,78.7,76.7,69.6,65.3,82.1,92.6,93.8,93.3,102.1,95.4,103.0,84.9,83.4,25.4,35.1,67.7,68.9,68.8,69.4,72.3,65.3,70.1,74.7,81.4,78.2,78.8,85.0,90.8,81.0,74.7,74.1,75.2,85.9,86.1,82.6,82.7,85.1,97.9,81.1,80.7,84.2,88.4,88.2,98.2,80.8,84.7,83.0,91.7,87.6,94.5,92.4,90.6,92.5,91.5,91.6,110.3,81.9,76.4,91.3,89.6,101.5,96.9,101.3,99.4,106.0,99.6,92.6,93.8,106.1,97.0,100.9,95.5,91.6,103.7,99.8,108.7,100.2,106.0,117.8,132.8,115.8,107.2,121.6,111.6,114.2,113.0,123.2,105.9,119.4,115.9,117.6,105.9,131.8,111.4,104.0,114.8,109.6,101.5,107.0,99.3,99.8,102.9,101.5,132.6,111.2,119.3,104.6,127.5,120.4,83.0,90.8,110.1,103.6,100.8,102.3,107.2,92.9,112.4,122.2,114.4,114.1,99.7,104.2,114.6,95.0,118.3,104.6,119.6,93.2,101.4,104.5,112.2,112.6,99.4,100.7,108.7,102.8,108.4,123.6,103.8,89.4,101.4,76.6,80.1,84.5,75.6,89.2,111.4,64.7,26.0,43.3,99.6,73.2,72.0,82.7,74.0,80.8,65.5,72.8,76.5,92.7,84.9,66.9,63.8,64.5,70.6,67.6,63.8,70.5,75.4,83.4,76.4,76.7,65.9,74.7,70.3,67.9,69.6,78.3,77.3,70.6,68.5,62.7,73.9,78.9,77.2,73.4,84.6,78.9,86.5,78.6,84.3,81.2,91.7,82.8,77.6,84.6,78.2,78.6,95.1,59.3,86.4,83.0,75.4,84.1,---
34,"        Less: Sales",439.5,433.8,422.7,423.6,451.6,434.5,413.2,424.8,431.3,429.6,459.0,433.7,429.6,409.1,395.8,390.4,428.0,410.0,374.1,383.3,370.5,321.2,283.5,295.4,241.7,230.7,252.9,251.7,267.9,279.3,345.7,452.5,276.7,303.7,316.5,339.1,301.9,286.7,329.0,318.0,329.2,316.7,320.8,314.7,316.9,313.0,313.0,331.6,326.1,354.5,370.8,365.6,325.1,317.1,326.5,329.3,344.4,367.6,361.4,357.8,410.4,443.9,430.8,426.9,415.5,408.9,408.5,420.2,434.9,426.2,444.5,449.7,473.7,465.5,456.3,454.6,447.5,459.5,455.3,443.8,450.5,440.9,448.0,437.7,427.7,428.8,457.6,451.1,466.7,495.8,477.7,496.4,470.8,476.5,477.7,483.0,455.2,439.9,470.9,462.1,481.8,474.7,484.3,480.9,467.5,473.5,459.6,444.7,453.6,451.0,425.3,420.7,426.3,423.4,432.3,426.2,434.4,412.2,415.5,424.7,383.9,386.6,381.1,393.3,383.7,372.2,377.6,374.4,406.0,398.7,375.4,360.1,338.3,347.5,342.5,334.6,347.2,336.9,340.5,330.6,332.1,358.2,337.1,341.4,331.4,303.0,317.9,296.8,298.6,296.9,286.2,290.2,289.7,265.6,274.9,292.7,267.5,265.4,188.9,120.1,156.6,170.2,217.9,225.5,237.9,237.5,238.7,233.5,220.2,199.0,232.4,239.8,229.8,208.1,203.3,182.2,156.6,158.0,173.1,173.2,174.9,171.2,172.0,174.1,152.9,168.9,160.0,167.2,169.9,182.5,184.5,165.1,180.2,176.7,186.5,202.1,186.1,190.4,192.4,186.8,192.9,182.2,185.9,190.2,170.3,173.0,170.3,177.4,173.8,159.6,169.7,162.5,175.3,171.2,165.2,160.6,146.7
35,"        Less: Exports",53.3,65.7,46.9,55.4,50.6,53.3,54.8,57.1,52.0,53.2,52.3,62.0,61.4,47.2,60.4,57.6,58.8,57.8,88.8,74.0,69.5,68.7,68.9,53.0,26.6,46.7,25.7,31.9,27.0,25.1,35.4,39.8,44.7,48.5,50.2,55.5,54.6,52.7,56.3,50.6,53.7,59.9,58.6,62.8,63.8,62.1,62.0,65.1,65.4,68.3,65.3,55.7,66.7,55.2,63.9,68.7,70.5,73.6,74.3,96.3,76.5,83.3,81.9,84.2,79.3,101.1,90.9,84.2,81.0,85.8,89.4,82.5,84.4,94.8,93.9,98.7,100.0,98.9,93.1,93.9,100.3,97.0,110.0,103.1,103.6,95.5,102.5,112.1,103.9,103.8,120.9,114.5,112.6,103.5,99.8,122.6,116.4,89.0,112.4,110.8,113.3,108.5,111.7,111.1,112.5,115.5,104.4,108.7,114.1,108.3,110.1,116.2,105.3,110.7,117.6,113.9,113.8,116.3,112.6,105.8,105.9,116.3,100.8,109.5,105.0,113.5,89.3,111.2,97.2,93.2,103.9,111.4,116.7,112.2,108.9,111.6,93.3,102.7,81.0,100.2,109.6,90.8,90.0,90.4,108.7,103.2,99.7,97.3,101.1,102.5,88.9,111.2,94.7,108.7,117.3,98.7,90.7,108.2,68.9,9.2,0.2,53.2,76.0,105.1,94.7,89.3,93.9,97.0,88.2,90.2,85.7,65.0,76.8,80.4,82.2,81.2,75.0,77.5,79.2,81.0,80.5,82.8,84.0,91.8,89.8,81.1,89.6,79.0,83.6,83.7,77.1,85.1,82.2,75.3,69.7,72.2,77.0,73.8,80.8,81.3,82.2,74.7,82.6,71.5,76.7,78.0,84.3,58.0,66.5,80.3,47.8,85.7,65.0,48.7,74.8,64.2,---
36,"        Equals: Inventory change",6.7,-27.3,2.9,-5.1,-25.7,11.6,39.9,-12.2,-25.7,-12.0,-36.8,-36.5,-31.2,-4.9,-1.9,-0.4,-38.9,0.5,67.7,34.7,35.7,85.5,64.4,19.0,-93.2,-68.5,-19.2,-25.0,-49.5,-55.2,-81.0,-159.4,52.7,25.0,6.7,-15.7,9.8,41.9,-5.4,5.0,20.8,3.5,5.8,15.5,12.0,-0.5,2.3,-47.2,-2.1,-27.9,-29.2,-37.9,-4.6,15.8,10.5,17.9,-5.7,17.3,24.8,31.1,52.9,-6.9,-0.5,25.1,28.4,25.8,67.8,15.4,5.9,20.3,15.9,11.0,6.8,2.5,28.4,20.4,23.3,14.2,-43.9,27.6,19.7,31.3,13.1,19.8,17.2,33.2,-4.1,-27.2,-23.1,-3.7,40.4,-21.2,-12.2,-8.0,7.9,-12.2,4.9,21.3,-11.5,8.3,9.3,-18.3,16.6,-3.4,-14.4,-45.0,-18.8,-11.0,-24.5,-13.4,2.8,-0.4,-15.8,14.3,23.9,9.3,9.8,-4.8,20.1,-20.5,-6.0,-16.2,12.6,11.3,12.1,-12.0,-49.6,-36.0,-57.0,-53.9,-20.6,-17.6,-43.1,-7.3,23.3,-11.7,19.0,-18.8,-12.0,-51.1,-38.3,-30.4,3.9,11.9,-27.6,-17.3,-20.0,-22.0,2.3,14.9,4.9,-38.2,-10.1,-49.0,-38.5,-39.5,-8.6,-4.9,62.4,-52.3,-63.0,-4.2,85.4,-15.0,-11.4,-3.5,-25.9,-24.3,-19.0,-28.1,-64.7,-38.5,-53.5,-55.5,-39.0,-32.0,-44.1,2.2,-14.2,6.6,-9.3,0.1,6.8,3.6,4.6,7.8,2.1,9.0,3.8,-3.8,-1.3,4.8,-0.7,6.3,12.8,9.6,13.6,10.7,10.4,14.5,10.0,9.4,11.4,5.9,13.6,5.1,-6.9,5.7,10.7,-7.2,20.7,-48.8,-3.0,20.6,-15.7,-14.1,-1.9
37,"        Inventory level (Thousands, SA)",1112.2,1084.9,1087.8,1082.7,1057.0,1068.6,1108.5,1096.3,1070.6,1058.6,1021.8,985.3,954.1,949.2,947.3,946.9,908.0,908.5,976.2,1010.9,1046.6,1132.1,1196.5,1215.5,1122.3,1053.8,1034.6,1009.6,960.1,904.9,823.9,664.5,717.2,742.2,748.9,733.2,743.0,784.9,779.5,784.5,805.3,808.8,814.6,830.1,842.1,841.6,843.9,796.7,794.6,766.7,737.5,699.6,695.0,710.8,721.3,739.2,733.5,750.8,775.6,806.7,859.6,852.7,852.2,877.3,905.7,931.5,999.3,1014.7,1020.6,1040.9,1056.8,1067.8,1074.6,1077.1,1105.5,1125.9,1149.2,1163.4,1119.5,1147.1,1166.8,1198.1,1211.2,1231.0,1248.2,1281.4,1277.3,1250.1,1227.0,1223.3,1263.7,1242.5,1230.3,1222.3,1230.2,1218.0,1222.9,1244.2,1232.7,1241.0,1250.3,1232.0,1248.6,1245.2,1230.8,1185.8,1167.0,1156.0,1131.5,1118.1,1120.9,1120.5,1104.7,1119.0,1142.9,1152.2,1162.0,1157.2,1177.3,1156.8,1150.8,1134.6,1147.2,1158.6,1170.6,1158.6,1109.0,1073.0,1016.0,962.0,941.4,923.8,880.7,873.3,896.6,884.9,903.9,885.2,873.1,822.0,783.7,753.3,757.2,769.2,741.6,724.3,704.3,682.3,684.6,699.5,704.4,666.2,656.1,607.1,568.6,529.1,520.5,515.6,578.0,525.7,462.7,458.5,543.9,528.9,517.5,514.0,488.1,463.8,444.8,416.7,352.0,313.5,260.0,204.6,165.6,133.6,89.5,91.7,77.5,84.1,74.9,75.0,81.7,85.3,89.9,97.7,99.8,108.8,112.6,108.8,107.4,112.2,111.5,117.8,130.6,140.2,153.8,164.5,175.0,189.4,199.4,208.8,220.1,226.1,239.7,244.8,237.9,243.5,254.3,247.0,267.8,219.0,216.0,236.6,220.9,206.9,204.9
38,"          Inventory / sales ratio",2.531,2.501,2.574,2.556,2.340,2.460,2.683,2.581,2.482,2.464,2.226,2.272,2.221,2.320,2.394,2.425,2.122,2.216,2.609,2.637,2.825,3.525,4.220,4.115,4.645,4.569,4.092,4.012,3.585,3.241,2.384,1.469,2.593,2.445,2.366,2.162,2.461,2.738,2.370,2.467,2.446,2.554,2.539,2.638,2.657,2.689,2.696,2.402,2.437,2.163,1.989,1.913,2.138,2.242,2.209,2.245,2.130,2.042,2.146,2.255,2.094,1.921,1.978,2.055,2.180,2.278,2.446,2.415,2.347,2.442,2.378,2.374,2.269,2.314,2.423,2.477,2.568,2.532,2.459,2.585,2.590,2.718,2.704,2.812,2.918,2.989,2.791,2.771,2.629,2.468,2.645,2.503,2.613,2.565,2.575,2.522,2.687,2.829,2.618,2.685,2.595,2.595,2.578,2.589,2.633,2.504,2.539,2.600,2.494,2.479,2.635,2.664,2.591,2.643,2.644,2.703,2.675,2.808,2.834,2.724,2.998,2.935,3.011,2.946,3.051,3.113,2.937,2.866,2.502,2.413,2.508,2.565,2.603,2.513,2.618,2.645,2.603,2.627,2.565,2.487,2.360,2.103,2.247,2.253,2.237,2.391,2.215,2.299,2.293,2.356,2.461,2.296,2.265,2.286,2.069,1.808,1.946,1.943,3.061,4.375,2.954,2.695,2.496,2.345,2.175,2.164,2.045,1.986,2.020,2.094,1.515,1.307,1.132,0.983,0.815,0.733,0.571,0.581,0.448,0.486,0.428,0.438,0.475,0.490,0.588,0.579,0.624,0.651,0.662,0.596,0.582,0.680,0.619,0.667,0.701,0.694,0.826,0.864,0.910,1.014,1.034,1.146,1.184,1.189,1.408,1.415,1.397,1.373,1.463,1.548,1.578,1.348,1.232,1.382,1.337,1.288,1.397
39,"    Ward's inventory level estimate (Thousands, NSA)1",1091.3,1104.0,1109.7,1061.1,977.1,969.6,873.9,861.1,855.6,948.6,1000.0,906.8,936.4,967.5,920.7,901.6,786.5,781.9,729.9,750.4,846.1,1034.3,1140.4,1144.2,1074.4,1018.0,990.6,928.3,832.2,774.8,627.4,461.9,557.8,662.2,724.7,686.4,719.4,768.1,755.2,729.4,682.4,698.5,620.9,640.4,690.6,767.2,822.6,759.1,775.7,756.5,708.5,629.4,580.2,591.3,529.2,558.3,595.6,694.9,786.7,813.0,886.6,902.9,876.2,857.9,840.3,858.8,822.7,845.4,888.0,1025.5,1112.3,1069.5,1131.1,1144.1,1123.1,1129.6,1109.8,1109.9,982.2,986.3,1064.3,1217.0,1301.3,1259.3,1322.5,1366.6,1329.5,1287.3,1201.0,1196.6,1135.4,1075.7,1130.7,1234.2,1288.0,1249.4,1263.4,1295.6,1280.4,1269.8,1217.2,1208.6,1123.2,1098.1,1133.0,1176.4,1221.3,1178.6,1193.3,1196.0,1172.2,1149.7,1093.7,1119.3,1049.5,1066.7,1116.5,1172.8,1251.9,1209.8,1240.9,1245.0,1251.5,1222.1,1188.0,1191.7,1055.9,1025.4,982.4,986.7,1012.0,967.6,988.2,995.9,971.1,973.1,917.9,891.1,815.6,775.7,752.1,790.5,821.5,802.6,838.3,839.7,786.6,748.3,695.6,698.0,643.3,612.7,637.4,640.4,627.9,579.0,607.4,630.9,665.9,576.6,451.9,459.9,474.0,473.7,508.2,542.1,545.8,518.3,508.9,492.8,418.3,346.7,256.5,212.7,148.9,134.8,105.6,114.4,108.8,114.6,104.7,106.8,115.4,107.9,101.2,111.8,93.2,116.4,129.8,131.6,141.7,144.9,145.1,152.4,168.7,159.6,160.2,175.0,150.3,191.2,214.7,235.1,265.5,265.4,287.1,301.9,279.0,264.1,250.9,246.9,225.1,214.4,229.3,262.4,258.7,242.5,244.9
,Average expenditure per car:,,,,,,,,,,,,,,,,,,,,,,,,,,,,,,,,,,,,,,,,,,,,,,,,,,,,,,,,,,,,,,,,,,,,,,,,,,,,,,,,,,,,,,,,,,,,,,,,,,,,,,,,,,,,,,,,,,,,,,,,,,,,,,,,,,,,,,,,,,,,,,,,,,,,,,,,,,,,,,,,,,,,,,,,,,,,,,,,,,,,,,,,,,,,,,,,,,,,,,,,,,,,,,,,,,,,,,,,,
40,"    Overall",23979,23969,23887,24111,23678,23764,23946,23845,23907,23853,23837,23915,23523,23752,23798,23517,22747,23052,23645,23777,23511,23514,23339,23127,22853,23111,22603,23247,23366,23082,21945,21152,24459,24316,24444,24366,24583,24676,24870,24967,24939,25053,24866,24997,25019,25048,24956,24806,24925,24828,24785,25030,25785,25654,25832,26020,26129,25520,25491,25779,25478,25503,25339,25478,25460,25414,25699,25413,25530,25660,25918,25650,25513,25581,25522,25535,25460,25359,25317,25145,25255,25636,25401,25631,25216,25220,25212,24971,24696,24687,24768,24709,24841,25186,24934,25307,25276,25418,25437,25238,25195,25058,25066,25168,25148,25098,25018,25213,25365,25073,25088,24993,25361,25321,25915,26094,25756,25661,25408,25377,25486,25272,25493,25454,25572,25525,25401,25560,25493,25689,25734,26105,26056,25935,25916,26002,25705,25687,25344,24946,25231,24883,25280,25094,25752,26091,26154,27466,26086,26145,25903,26042,26491,26383,26984,26546,25954,26653,27055,27078,27887,27861,27974,27843,27918,28102,28132,28253,28295,28263,27827,27951,28784,29372,30715,31635,32065,32058,32182,33107,32606,32991,32647,33408,33429,33346,32426,31880,32052,32296,32436,32387,33670,34299,34214,34032,33948,33770,32931,33114,33969,33173,33189,32559,33014,32167,32745,32890,33145,33207,33872,34127,33432,32920,32819,34486,33829
41,"        Domestic",22461,22493,22344,22316,22026,22266,22234,22102,22195,22161,22278,22297,22189,22355,22537,22212,21614,22182,22454,22625,22189,22072,22063,21699,21879,21561,21206,22186,22403,22074,20743,20398,23121,23135,23405,23477,23362,23574,23602,23671,23812,23729,23834,23938,24073,24147,23749,23696,23352,23513,23497,24028,24665,24474,24581,24333,24298,24164,24158,24797,24186,24182,24111,24074,23913,24025,24100,24196,24184,24297,24268,23957,23935,23930,23945,23799,23922,23869,23844,23914,23873,24092,24019,23883,23833,23789,23840,23861,23642,23421,23631,23539,23707,23789,23895,24289,24153,24185,24083,24086,24219,24150,24175,23974,24112,24173,23972,24128,24658,24339,24425,24542,24435,24163,24503,24752,24679,24529,24363,24364,24384,24098,23988,23701,23875,23651,23518,23663,23671,23850,23957,24234,23947,23698,23821,23888,23640,23823,23559,23151,23299,22983,23181,23138,23383,23771,24351,26362,24614,24355,24378,24840,24716,24724,25739,25187,24298,25070,25443,24990,25240,25808,26066,25891,26150,26312,26618,26663,26439,26562,26639,26796,27726,27688,28691,29051,29227,29715,29369,29606,29965,30360,29932,30640,29950,30086,29697,29905,29139,28958,28997,29580,29746,30099,30417,30094,30352,30337,29348,29873,30380,31048,30507,29790,30217,29632,29823,29220,29233,29703,30169,30447,30875,30274,30390,30936,29488
42,"        Foreign",27251,27131,27115,27982,27361,27148,27713,27855,27686,27534,27414,27427,26559,26692,26160,25833,24811,24576,25754,26086,26540,26536,25862,26282,24542,25635,25004,25221,25134,24946,24325,22629,27091,26756,26705,26457,27047,26962,27841,27930,27450,27794,26971,26987,26857,26733,27333,27073,28184,27642,27517,27099,27986,28055,28473,29767,30253,28556,28408,27901,28439,28486,28260,28743,29322,28829,29592,28542,28784,28900,29892,29947,29702,29821,29815,30217,29452,29223,28973,28009,28654,29412,28763,29733,28650,28713,28639,27750,27367,28084,27737,28011,28084,29293,28064,28139,28471,28797,29038,28502,28085,27690,27831,28716,28188,27901,28123,28519,27575,27310,27013,26264,28038,28672,30168,30144,29024,28981,28453,28367,28578,28716,30035,31206,31170,31756,31422,31433,31171,31418,30860,31460,32689,33175,32657,32796,32400,31990,31734,31138,31396,31743,32404,31935,33745,33505,31947,30753,30358,31022,30180,29596,31985,31002,30690,30926,31013,31451,32740,33292,34137,32903,33853,34367,33653,33795,33075,33008,32842,32140,30673,30657,31216,33111,35477,37651,38178,38685,41428,43551,38916,39573,40224,40369,41273,42317,39208,36603,39245,41091,41296,39055,42823,44709,44584,45293,43502,43158,42619,41673,42916,38726,39854,39746,39253,37889,39060,41374,42476,41424,41972,41509,39031,38140,37233,40641,41364
,Average expenditure per car by sector:,,,,,,,,,,,,,,,,,,,,,,,,,,,,,,,,,,,,,,,,,,,,,,,,,,,,,,,,,,,,,,,,,,,,,,,,,,,,,,,,,,,,,,,,,,,,,,,,,,,,,,,,,,,,,,,,,,,,,,,,,,,,,,,,,,,,,,,,,,,,,,,,,,,,,,,,,,,,,,,,,,,,,,,,,,,,,,,,,,,,,,,,,,,,,,,,,,,,,,,,,,,,,,,,,,,,,,,,,
43,"    Business",25720,25556,25718,25835,25400,25271,25368,25193,25455,25499,25236,25462,25391,25582,25574,25470,24732,24975,25410,25506,25090,25178,25022,24732,25131,25806,25179,24842,25289,25209,24311,24012,26642,25987,26022,25803,26255,26172,26558,26703,26465,26705,26462,26814,26753,26911,26854,26660,27005,26677,26742,26849,27835,27597,27574,27806,27958,27332,27252,27581,27134,27127,26917,27086,27115,27060,27446,27088,27203,27284,27524,27110,27245,27339,27132,27300,27140,26952,26950,26831,26960,27419,27081,27438,26966,26905,26887,26562,26291,26191,26294,26220,26414,26692,26463,26747,26743,26946,26982,26641,26491,26433,26279,26583,26470,26339,26345,26571,26483,26226,26330,26175,26619,26636,27222,27293,27001,27074,26750,26783,26938,26687,26958,26940,27035,27051,27003,27106,26784,27167,27336,27645,27352,27371,27326,27544,27371,27200,26907,26756,26657,26077,26811,26478,27073,27581,27485,28913,27407,27476,27043,27137,27695,27462,28004,27539,26691,27531,28029,29471,30646,29669,29345,29135,29061,29134,29219,29339,29430,29454,29108,29444,30337,31192,32610,33766,34942,34810,35330,36897,35677,36187,35497,36348,37104,36176,35280,35271,35781,35163,35150,35109,36616,38191,36947,36469,36563,36072,35251,34870,35870,34948,34787,34113,34619,33659,34294,34782,34730,34600,35161,35723,34688,34264,34502,35998,35501
44,"    Government",---,---,---,---,---,---,---,---,---,---,---,---,---,---,---,---,---,---,---,---,---,---,---,---,---,---,---,---,---,---,---,---,---,---,---,---,---,---,---,---,---,---,---,---,---,---,---,---,---,---,---,---,---,---,---,---,---,---,---,---,---,---,---,---,---,---,---,---,---,---,---,---,---,---,---,---,---,---,---,---,---,---,---,---,---,---,---,---,---,---,---,---,---,---,---,---,---,---,---,---,---,---,---,---,---,---,---,---,---,---,---,---,---,---,---,---,---,---,---,---,---,---,---,---,---,---,---,---,---,---,---,---,---,---,---,---,---,---,---,---,---,---,---,---,---,---,---,---,---,---,---,---,---,---,---,---,---,---,---,---,---,---,---,---,---,---,---,---,---,---,---,---,---,---,---,---,---,---,---,---,---,---,---,---,---,---,---,---,---,---,---,---,---,---,---,---,---,---,---,---,---,---,---,---,---,---,---,---,---,---,---,---,---,---,---,---,---
45,"    Consumer",23361,23190,23367,23679,23139,23195,23427,23326,23280,23307,23360,23377,22905,23224,23172,22809,21966,22202,22979,23086,22953,22945,22840,22730,22028,22568,22213,22578,22613,22369,21169,20349,23877,23786,23818,23672,23834,23827,23972,24182,24423,24291,23902,24024,24024,24005,24052,23892,23908,23893,23843,24137,24873,24749,24939,25165,25124,24505,24430,24698,24471,24445,24312,24427,24491,24470,24768,24526,24553,24674,24914,24752,24382,24456,24393,24427,24318,24188,24195,23968,24128,24534,24287,24444,24092,24092,24081,23926,23705,23701,23757,23715,23877,24193,23941,24265,24139,24214,24199,24068,24070,23941,24044,24035,24094,24110,23986,24208,24448,24158,24218,24057,24397,24303,24835,25040,24699,24550,24351,24363,24370,24227,24410,24377,24487,24455,24269,24447,24520,24590,24570,24920,25058,24788,24760,24749,24606,24562,24073,23741,23970,23749,24012,23942,24653,25051,25172,26420,25029,24975,24797,25150,25475,25501,26149,25887,25413,25893,26509,25859,26274,26779,27200,27156,27187,27413,27162,27299,27367,27343,26827,26913,27541,27868,29322,29829,30268,30239,30407,31002,31006,31458,31256,31874,31612,31856,30896,30421,30448,30969,31195,31081,31806,32415,32789,32722,32679,32637,31426,32191,32909,32230,32289,31348,32113,31305,31678,31436,31916,32105,32935,33086,32191,31957,31341,33218,32593
,Price:,,,,,,,,,,,,,,,,,,,,,,,,,,,,,,,,,,,,,,,,,,,,,,,,,,,,,,,,,,,,,,,,,,,,,,,,,,,,,,,,,,,,,,,,,,,,,,,,,,,,,,,,,,,,,,,,,,,,,,,,,,,,,,,,,,,,,,,,,,,,,,,,,,,,,,,,,,,,,,,,,,,,,,,,,,,,,,,,,,,,,,,,,,,,,,,,,,,,,,,,,,,,,,,,,,,,,,,,,
46,"    Consumer price index for new autos",136.122,135.922,136.136,136.282,135.844,135.722,135.774,135.964,135.793,135.384,135.675,135.699,135.577,135.299,135.250,135.170,135.237,135.475,136.299,136.278,135.704,135.105,134.923,134.413,135.194,135.432,135.579,135.762,136.099,136.541,136.860,135.287,135.704,138.178,139.878,139.719,139.047,138.735,138.445,137.955,137.731,137.639,137.535,137.654,137.924,138.157,138.131,138.206,138.211,139.088,139.940,140.640,142.231,143.616,143.851,143.842,143.974,143.872,143.750,143.747,143.512,143.677,143.604,143.799,143.971,144.211,144.127,144.316,144.325,144.327,144.971,145.330,145.264,144.693,144.727,144.821,144.693,144.858,145.042,145.177,145.309,145.012,144.927,144.588,144.147,144.053,144.032,144.333,144.510,144.551,144.571,144.458,144.635,144.776,144.932,144.642,143.964,144.450,144.574,144.551,144.666,145.157,144.531,144.512,144.423,144.155,143.917,143.942,143.543,144.078,143.992,143.813,143.685,143.238,143.445,143.406,143.575,143.863,143.889,143.732,144.370,144.402,144.075,144.186,143.652,142.925,141.711,141.521,141.005,140.648,141.280,141.982,143.223,142.761,143.006,141.727,141.516,141.158,141.068,141.151,141.305,141.383,142.276,143.088,143.655,143.511,144.225,143.600,143.139,142.584,142.134,142.061,141.533,141.762,142.291,143.128,143.991,144.663,144.245,143.322,142.943,142.812,143.474,143.482,143.677,144.150,144.605,146.111,146.340,146.485,146.111,145.679,147.439,149.562,151.659,153.667,155.268,157.367,160.300,163.613,163.838,164.277,164.586,166.357,167.705,168.216,169.383,170.418,171.612,172.451,172.831,173.693,174.109,174.606,175.355,175.191,174.755,174.515,174.282,174.439,174.569,174.727,174.495,174.360,174.653,174.358,173.853,172.928,172.369,171.770,171.261,171.278,171.297,171.424,172.440,173.028,173.354

Legend/Footnotes
1.Source: 'Ward's Automotive Reports'
FRB: Federal Reserve Board
SAAR: Seasonally adjusted at annual rates
GVW: Gross vehicle weight
NSA: Not seasonally adjusted
SA: Seasonally adjusted
